USE QuanLyHieuThuoc
GO
-- ================================================================
-- 🧹 XÓA DỮ LIỆU CŨ (ĐỂ TRÁNH LỖI DUPLICATE HOẶC CONFLICT)
-- ================================================================
DELETE FROM ChiTietPhieuTra;
DELETE FROM PhieuTra;
DELETE FROM ChiTietHoaDon;
DELETE FROM HoaDon;
DELETE FROM ChiTietPhieuHuy;
DELETE FROM PhieuHuy;
DELETE FROM ChiTietPhieuNhap;
DELETE FROM PhieuNhap;
DELETE FROM ChiTietBangGia;
DELETE FROM BangGia;
DELETE FROM ChiTietKhuyenMaiSanPham;
DELETE FROM KhuyenMai;
DELETE FROM LoSanPham;
DELETE FROM QuyCachDongGoi;
DELETE FROM SanPham;
DELETE FROM NhaCungCap;
DELETE FROM KhachHang;
DELETE FROM TaiKhoan;
DELETE FROM NhanVien;
DELETE FROM DonViTinh;
GO

-- 1. DON VI TINH
INSERT INTO DonViTinh (maDonViTinh, tenDonViTinh) VALUES
('DVT-001', N'Hộp'), ('DVT-002', N'Vỉ'), ('DVT-003', N'Viên'),
('DVT-004', N'Chai'), ('DVT-005', N'Lọ'), ('DVT-006', N'Tuýp'),
('DVT-007', N'Ống'), ('DVT-008', N'Gói'), ('DVT-009', N'Cái'),
('DVT-010', N'Thùng');
GO

-- 2. NHAN VIEN
INSERT INTO NhanVien (MaNhanVien, TenNhanVien, GioiTinh, NgaySinh, SoDienThoai, DiaChi, QuanLy, CaLam, TrangThai) VALUES
('NV-20230315-0001', N'Phạm Anh Tuấn', 1, '1989-07-19', '0945123456', N'97 Cách Mạng Tháng 8, Q.Tân Bình', 0, 2, 0),
('NV-20230622-0002', N'Đỗ Kim Hạnh', 0, '1993-04-04', '0956234567', N'74 Nguyễn Thị Minh Khai, Q.3', 0, 3, 0),
('NV-20230910-0003', N'Lưu Văn Long', 1, '1991-12-10', '0967345678', N'50 Trương Định, Q.5', 0, 1, 0),
('NV-20231110-0004', N'Nguyễn Minh Phúc', 1, '1994-03-15', '0905123456', N'12 Trần Hưng Đạo, Q.1, TP.HCM', 0, 1, 0),
('NV-20231212-0005', N'Nguyễn Thị Vy', 0, '1995-05-21', '0978456789', N'15 Hoàng Diệu, Q.4', 1, 2, 0),
('NV-20240201-0006', N'Vũ Đình Hòa', 1, '1990-09-13', '0989567890', N'184 Điện Biên Phủ, Q.Bình Thạnh', 0, 3, 0),
('NV-20240322-0007', N'Trần Thị Mai', 0, '1998-06-20', '0912345678', N'45 Võ Văn Tần, Q.3, TP.HCM', 0, 2, 0),
('NV-20240414-0008', N'Bùi Kim Oanh', 0, '1994-02-02', '0990678901', N'60 Nguyễn Oanh, Q.Gò Vấp', 0, 1, 0),
('NV-20240523-0009', N'Trần Quốc Huy', 1, '1988-03-09', '0901789012', N'172 Lý Thường Kiệt, Q.10', 0, 2, 0),
('NV-20240605-0010', N'Lê Thị Ngọc', 0, '1996-07-17', '0912890123', N'90 Phan Xích Long, Q.Phú Nhuận', 1, 3, 0),
('NV-20240708-0011', N'Hoàng Văn Nam', 1, '1985-01-19', '0923901234', N'115 Trần Huy Liệu, Q.3', 0, 1, 0),
('NV-20240719-0012', N'Lê Văn Dũng', 1, '1995-10-10', '0928765432', N'88 Nguyễn Huệ, Q.10, TP.HCM', 0, 3, 0),
('NV-20240817-0013', N'Nguyễn Mỹ Linh', 0, '1999-09-25', '0934012345', N'200 Nguyễn Văn Cừ, Q.5', 0, 2, 0),
('NV-20240919-0014', N'Phan Công Đạt', 1, '1987-11-06', '0945123457', N'140 Võ Văn Ngân, TP.Thủ Đức', 0, 3, 0),
('NV-20241112-0015', N'Lưu Thanh Hương', 0, '1992-10-03', '0956234568', N'189 Nguyễn Trãi, Q.1', 0, 1, 0),
('NV-20250105-0016', N'Hoàng Thị Lan', 0, '1997-02-08', '0934567890', N'63 Lê Lợi, TP.Thủ Đức, TP.HCM', 0, 1, 0),
('NV-20250210-0017', N'Võ Minh Hiếu', 1, '1986-05-18', '0967345679', N'175 Hoàng Văn Thụ, Q.Phú Nhuận', 1, 2, 1), 
('NV-20250415-0018', N'Đặng Tuyết Nhung', 0, '1997-03-12', '0978456790', N'88 Bà Huyện Thanh Quan, Q.3', 0, 3, 1), 
('NV-20250730-0019', N'Phạm Văn Tùng', 1, '1990-09-25', '0989567901', N'72 Pasteur, Q.10', 0, 1, 1), 
('NV-20251002-0020', N'Nguyễn Kim Anh', 0, '1998-01-09', '0990678912', N'63 Lê Văn Sỹ, Q.Tân Bình', 0, 2, 1);
GO

-- 3. TAI KHOAN
INSERT INTO TaiKhoan (MaTaiKhoan, TenDangNhap, MatKhau, MaNhanVien) VALUES
('TK-20230315-0001', 'NV-20230315-0001', '123456aA@', 'NV-20230315-0001'),
('TK-20230622-0002', 'NV-20230622-0002', '123456aA@', 'NV-20230622-0002'),
('TK-20230910-0003', 'NV-20230910-0003', '123456aA@', 'NV-20230910-0003'),
('TK-20231110-0004', 'NV-20231110-0004', '123456aA@', 'NV-20231110-0004'),
('TK-20231212-0005', 'NV-20231212-0005', '123456aA@', 'NV-20231212-0005'),
('TK-20240201-0006', 'NV-20240201-0006', '123456aA@', 'NV-20240201-0006'),
('TK-20240322-0007', 'NV-20240322-0007', '123456aA@', 'NV-20240322-0007'),
('TK-20240414-0008', 'NV-20240414-0008', '123456aA@', 'NV-20240414-0008'),
('TK-20240523-0009', 'NV-20240523-0009', '123456aA@', 'NV-20240523-0009'),
('TK-20240605-0010', 'NV-20240605-0010', '123456aA@', 'NV-20240605-0010'),
('TK-20240708-0011', 'NV-20240708-0011', '123456aA@', 'NV-20240708-0011'),
('TK-20240719-0012', 'NV-20240719-0012', '123456aA@', 'NV-20240719-0012'),
('TK-20240817-0013', 'NV-20240817-0013', '123456aA@', 'NV-20240817-0013'),
('TK-20240919-0014', 'NV-20240919-0014', '123456aA@', 'NV-20240919-0014'),
('TK-20241112-0015', 'NV-20241112-0015', '123456aA@', 'NV-20241112-0015'),
('TK-20250105-0016', 'NV-20250105-0016', '123456aA@', 'NV-20250105-0016'),
('TK-20250210-0017', 'NV-20250210-0017', '123456aA@', 'NV-20250210-0017'),
('TK-20250415-0018', 'NV-20250415-0018', '123456aA@', 'NV-20250415-0018'),
('TK-20250730-0019', 'NV-20250730-0019', '123456aA@', 'NV-20250730-0019'),
('TK-20251002-0020', 'NV-20251002-0020', '123456aA@', 'NV-20251002-0020');
GO

-- 4. KHACH HANG
INSERT INTO KhachHang (MaKhachHang, TenKhachHang, GioiTinh, SoDienThoai, NgaySinh, HoatDong) VALUES
('KH-00000000-0000', N'Vãng lai', 1, '0000000000', '1900-01-01', 1),
('KH-20231122-0001', N'Nguyễn Minh Phúc', 1, '0912345678', '1994-03-15', 1),
('KH-20240115-0002', N'Lê Thị Hồng Nhung', 0, '0908765432', '1988-07-21', 1),
('KH-20240703-0003', N'Trần Văn Hòa', 1, '0985123456', '1975-11-03', 1),
('KH-20250312-0004', N'Phạm Thị Lan', 0, '0936789123', '1999-09-09', 1),
('KH-20230517-0005', N'Võ Anh Tuấn', 1, '0977567890', '1985-04-02', 1),
('KH-20240428-0006', N'Hoàng Diễm Vy', 0, '0851234567', '1996-12-25', 1),
('KH-20250109-0007', N'Nguyễn Quốc Huy', 1, '0923456789', '2001-02-18', 1),
('KH-20230811-0008', N'Phan Hữu Tài', 1, '0845566778', '1972-10-30', 1),
('KH-20231205-0009', N'Đỗ Bích Ngọc', 0, '0822244668', '1990-03-12', 1),
('KH-20250724-0010', N'Lưu Ngọc Long', 1, '0965533221', '1982-07-09', 1),
('KH-20241119-0011', N'Nguyễn Thị Oanh', 0, '0945667890', '1995-05-20', 0),
('KH-20231230-0012', N'Lê Quang Minh', 1, '0933377888', '1989-11-02', 0),
('KH-20240309-0013', N'Hoàng Thị Hòa', 0, '0814785963', '1978-08-15', 0),
('KH-20250202-0014', N'Trần Thanh Dũng', 1, '0909090909', '2000-12-01', 0),
('KH-20230616-0015', N'Phạm Thị Trang', 0, '0836633555', '1993-10-27', 0),
('KH-20241010-0016', N'Vũ Minh Anh', 1, '0864445566', '1998-06-14', 1),
('KH-20250702-0017', N'Lê Thị Mai', 0, '0896677788', '1991-01-08', 1),
('KH-20231105-0018', N'Nguyễn Hữu Tâm', 1, '0889911223', '1970-05-29', 1),
('KH-20250421-0019', N'Đặng Mỹ Linh', 0, '0957755334', '1997-09-22', 1),
('KH-20240409-0020', N'Phan Quốc Tuấn', 1, '0876644332', '1983-02-11', 1),
('KH-20230115-0021', N'Trương Văn Bình', 1, '0901112233', '1992-01-15', 1),
('KH-20230127-0022', N'Lý Thị Hương', 0, '0902223344', '1987-02-20', 1),
('KH-20230208-0023', N'Võ Minh Quang', 1, '0903334455', '1995-03-25', 1),
('KH-20230219-0024', N'Ngô Thị Thu', 0, '0904445566', '1988-04-10', 1),
('KH-20230302-0025', N'Đinh Văn Hùng', 1, '0905556677', '1979-05-15', 1),
('KH-20230315-0026', N'Bùi Thị Loan', 0, '0906667788', '1993-06-20', 1),
('KH-20230328-0027', N'Dương Văn Thắng', 1, '0907778899', '1986-07-25', 1),
('KH-20230410-0028', N'Mai Thị Xuân', 0, '0908889900', '1991-08-30', 1),
('KH-20230423-0029', N'Hồ Văn Đức', 1, '0909990011', '1984-09-05', 1),
('KH-20230506-0030', N'Tạ Thị Phương', 0, '0910001122', '1997-10-10', 1),
('KH-20230519-0031', N'Lâm Văn Hải', 1, '0911112234', '1982-11-15', 1),
('KH-20230601-0032', N'Cao Thị Yến', 0, '0912223345', '1990-12-20', 1),
('KH-20230614-0033', N'Phùng Văn Long', 1, '0913334456', '1985-01-25', 1),
('KH-20230627-0034', N'Đoàn Thị Hạnh', 0, '0914445567', '1994-02-28', 1),
('KH-20230710-0035', N'Trịnh Văn Nam', 1, '0915556678', '1981-03-10', 1),
('KH-20230723-0036', N'Vương Thị Liên', 0, '0916667789', '1989-04-15', 1),
('KH-20230805-0037', N'Châu Văn Phong', 1, '0917778890', '1996-05-20', 1),
('KH-20230818-0038', N'Lương Thị Thảo', 0, '0918889901', '1983-06-25', 1),
('KH-20230831-0039', N'Tô Văn Kiên', 1, '0919990012', '1992-07-30', 1),
('KH-20230913-0040', N'Huỳnh Thị Diệu', 0, '0920001123', '1987-08-05', 1),
('KH-20230926-0041', N'Từ Văn Thanh', 1, '0921112235', '1980-09-10', 1),
('KH-20231009-0042', N'La Thị Ngân', 0, '0922223346', '1998-10-15', 1),
('KH-20231022-0043', N'Quách Văn Tú', 1, '0923334457', '1986-11-20', 1),
('KH-20231104-0044', N'Thạch Thị Mai', 0, '0924445568', '1993-12-25', 1),
('KH-20231117-0045', N'Mạc Văn Sơn', 1, '0925556679', '1978-01-15', 1),
('KH-20231130-0046', N'Kiều Thị Lan', 0, '0926667780', '1991-02-20', 1),
('KH-20231213-0047', N'Ông Văn Hòa', 1, '0927778891', '1984-03-25', 1),
('KH-20231226-0048', N'Lục Thị Hằng', 0, '0928889902', '1997-04-30', 1),
('KH-20240108-0049', N'Tăng Văn Đạt', 1, '0929990013', '1983-05-05', 1),
('KH-20240121-0050', N'Sầm Thị Linh', 0, '0930001124', '1990-06-10', 1),
('KH-20240203-0051', N'Khúc Văn Phúc', 1, '0931112236', '1985-07-15', 1),
('KH-20240216-0052', N'Giáp Thị Tuyết', 0, '0932223347', '1996-08-20', 1),
('KH-20240229-0053', N'Triệu Văn Lộc', 1, '0933334458', '1981-09-25', 1),
('KH-20240314-0054', N'Tiêu Thị Uyên', 0, '0934445569', '1988-10-30', 1),
('KH-20240327-0055', N'Quan Văn Khải', 1, '0935556670', '1995-11-05', 1),
('KH-20240409-0056', N'Phí Thị Dung', 0, '0936667781', '1982-12-10', 1),
('KH-20240422-0057', N'Nghiêm Văn Toàn', 1, '0937778892', '1994-01-15', 1),
('KH-20240505-0058', N'Cung Thị Thanh', 0, '0938889903', '1979-02-20', 1),
('KH-20240518-0059', N'Cao Văn Minh', 1, '0939990014', '1987-03-25', 1),
('KH-20240531-0060', N'Lưu Thị Phượng', 0, '0940001125', '1992-04-30', 1),
('KH-20240613-0061', N'Trần Văn Khoa', 1, '0941112237', '1986-05-05', 1),
('KH-20240626-0062', N'Nguyễn Thị Hoa', 0, '0942223348', '1999-06-10', 1),
('KH-20240709-0063', N'Lê Văn Tùng', 1, '0943334459', '1980-07-15', 1),
('KH-20240722-0064', N'Phạm Thị Bích', 0, '0944445560', '1989-08-20', 1),
('KH-20240804-0065', N'Hoàng Văn Khánh', 1, '0945556671', '1993-09-25', 1),
('KH-20240817-0066', N'Vũ Thị Ánh', 0, '0946667782', '1984-10-30', 1),
('KH-20240830-0067', N'Đặng Văn Lâm', 1, '0947778893', '1997-11-05', 1),
('KH-20240912-0068', N'Bùi Thị Hồng', 0, '0948889904', '1981-12-10', 1),
('KH-20240925-0069', N'Đỗ Văn Tuấn', 1, '0949990015', '1988-01-15', 1),
('KH-20241008-0070', N'Ngô Thị Kim', 0, '0950001126', '1995-02-20', 1),
('KH-20241021-0071', N'Dương Văn An', 1, '0951112238', '1982-03-25', 1),
('KH-20241103-0072', N'Lý Thị Thương', 0, '0952223349', '1990-04-30', 1),
('KH-20241116-0073', N'Mai Văn Quân', 1, '0953334450', '1985-05-05', 1),
('KH-20241129-0074', N'Trương Thị Huệ', 0, '0954445561', '1998-06-10', 1),
('KH-20241212-0075', N'Hồ Văn Phú', 1, '0955556672', '1979-07-15', 1),
('KH-20241225-0076', N'Đinh Thị Nga', 0, '0956667783', '1987-08-20', 1),
('KH-20250107-0077', N'Tạ Văn Hùng', 1, '0957778894', '1994-09-25', 1),
('KH-20250120-0078', N'Lâm Thị Vân', 0, '0958889905', '1983-10-30', 1),
('KH-20250202-0079', N'Cao Văn Đức', 1, '0959990016', '1991-11-05', 1),
('KH-20250215-0080', N'Phùng Thị Nhàn', 0, '0960001127', '1986-12-10', 1),
('KH-20250228-0081', N'Đoàn Văn Vinh', 1, '0961112239', '1996-01-15', 1),
('KH-20250313-0082', N'Trịnh Thị Cúc', 0, '0962223340', '1980-02-20', 1),
('KH-20250326-0083', N'Vương Văn Thiện', 1, '0963334451', '1989-03-25', 1),
('KH-20250408-0084', N'Châu Thị Loan', 0, '0964445562', '1992-04-30', 1),
('KH-20250421-0085', N'Lương Văn Bảo', 1, '0965556673', '1985-05-05', 1),
('KH-20250504-0086', N'Tô Thị Lệ', 0, '0966667784', '1997-06-10', 1),
('KH-20250517-0087', N'Huỳnh Văn Tài', 1, '0967778895', '1981-07-15', 1),
('KH-20250530-0088', N'Từ Thị Giang', 0, '0968889906', '1988-08-20', 1),
('KH-20250612-0089', N'La Văn Hiệp', 1, '0969990017', '1993-09-25', 1),
('KH-20250625-0090', N'Quách Thị Đào', 0, '0970001128', '1984-10-30', 1),
('KH-20250708-0091', N'Thạch Văn Cường', 1, '0971112230', '1995-11-05', 1),
('KH-20250721-0092', N'Mạc Thị Hương', 0, '0972223341', '1982-12-10', 1),
('KH-20250803-0093', N'Kiều Văn Hoàng', 1, '0973334452', '1990-01-15', 1),
('KH-20250816-0094', N'Ông Thị Nhung', 0, '0974445563', '1987-02-20', 1),
('KH-20250829-0095', N'Lục Văn Thành', 1, '0975556674', '1996-03-25', 1),
('KH-20250911-0096', N'Tăng Thị Thu', 0, '0976667785', '1979-04-30', 1),
('KH-20250924-0097', N'Sầm Văn Hà', 1, '0977778896', '1986-05-05', 1),
('KH-20251007-0098', N'Khúc Thị Ly', 0, '0978889907', '1993-06-10', 1),
('KH-20251020-0099', N'Giáp Văn Dũng', 1, '0979990018', '1983-07-15', 1),
('KH-20251102-0100', N'Triệu Thị Ngọc', 0, '0980001129', '1991-08-20', 1),
('KH-20230116-0101', N'Tiêu Văn Quang', 1, '0981112231', '1984-09-25', 1),
('KH-20230129-0102', N'Quan Thị Hạnh', 0, '0982223342', '1998-10-30', 1),
('KH-20230211-0103', N'Phí Văn Long', 1, '0983334453', '1980-11-05', 1),
('KH-20230224-0104', N'Nghiêm Thị Liên', 0, '0984445564', '1987-12-10', 1),
('KH-20230309-0105', N'Cung Văn Nam', 1, '0985556675', '1994-01-15', 1),
('KH-20230322-0106', N'Nguyễn Thị Thảo', 0, '0986667786', '1981-02-20', 1),
('KH-20230404-0107', N'Trần Văn Kiên', 1, '0987778897', '1989-03-25', 1),
('KH-20230417-0108', N'Lê Thị Diệu', 0, '0988889908', '1992-04-30', 1),
('KH-20230430-0109', N'Phạm Văn Thanh', 1, '0989990019', '1985-05-05', 1),
('KH-20230513-0110', N'Hoàng Thị Ngân', 0, '0990001120', '1997-06-10', 1),
('KH-20230526-0111', N'Vũ Văn Tú', 1, '0811112232', '1978-07-15', 1),
('KH-20230608-0112', N'Đặng Thị Mai', 0, '0812223343', '1986-08-20', 1),
('KH-20230621-0113', N'Bùi Văn Sơn', 1, '0813334454', '1993-09-25', 1),
('KH-20230704-0114', N'Đỗ Thị Lan', 0, '0814445565', '1983-10-30', 1),
('KH-20230717-0115', N'Ngô Văn Hòa', 1, '0815556676', '1991-11-05', 1),
('KH-20230730-0116', N'Dương Thị Hằng', 0, '0816667787', '1984-12-10', 1),
('KH-20230812-0117', N'Lý Văn Đạt', 1, '0817778898', '1998-01-15', 1),
('KH-20230825-0118', N'Mai Thị Linh', 0, '0818889909', '1979-02-20', 1),
('KH-20230907-0119', N'Trương Văn Phúc', 1, '0819990010', '1987-03-25', 1),
('KH-20230920-0120', N'Hồ Thị Tuyết', 0, '0820001121', '1994-04-30', 1),
('KH-20231003-0121', N'Đinh Văn Lộc', 1, '0821112233', '1982-05-05', 1),
('KH-20231016-0122', N'Tạ Thị Uyên', 0, '0822223344', '1990-06-10', 1),
('KH-20231029-0123', N'Lâm Văn Khải', 1, '0823334455', '1985-07-15', 1),
('KH-20231111-0124', N'Cao Thị Dung', 0, '0824445566', '1996-08-20', 1),
('KH-20231124-0125', N'Phùng Văn Toàn', 1, '0825556677', '1981-09-25', 1),
('KH-20231207-0126', N'Đoàn Thị Thanh', 0, '0826667788', '1988-10-30', 1),
('KH-20231220-0127', N'Trịnh Văn Minh', 1, '0827778899', '1995-11-05', 1),
('KH-20240102-0128', N'Vương Thị Phượng', 0, '0828889900', '1980-12-10', 1),
('KH-20240115-0129', N'Châu Văn Khoa', 1, '0829990011', '1989-01-15', 1),
('KH-20240128-0130', N'Lương Thị Hoa', 0, '0830001122', '1992-02-20', 1),
('KH-20240210-0131', N'Tô Văn Tùng', 1, '0831112234', '1983-03-25', 1),
('KH-20240223-0132', N'Huỳnh Thị Bích', 0, '0832223345', '1997-04-30', 1),
('KH-20240307-0133', N'Từ Văn Khánh', 1, '0833334456', '1978-05-05', 1),
('KH-20240320-0134', N'La Thị Ánh', 0, '0834445567', '1986-06-10', 1),
('KH-20240402-0135', N'Quách Văn Lâm', 1, '0835556678', '1993-07-15', 1),
('KH-20240415-0136', N'Thạch Thị Hồng', 0, '0836667789', '1984-08-20', 1),
('KH-20240428-0137', N'Mạc Văn Tuấn', 1, '0837778890', '1991-09-25', 1),
('KH-20240511-0138', N'Kiều Thị Kim', 0, '0838889901', '1987-10-30', 1),
('KH-20240524-0139', N'Ông Văn An', 1, '0839990012', '1996-11-05', 1),
('KH-20240606-0140', N'Lục Thị Thương', 0, '0840001123', '1979-12-10', 1),
('KH-20240619-0141', N'Tăng Văn Quân', 1, '0841112235', '1988-01-15', 1),
('KH-20240702-0142', N'Sầm Thị Huệ', 0, '0842223346', '1995-02-20', 1),
('KH-20240715-0143', N'Khúc Văn Phú', 1, '0843334457', '1982-03-25', 1),
('KH-20240728-0144', N'Giáp Thị Nga', 0, '0844445568', '1990-04-30', 1),
('KH-20240810-0145', N'Triệu Văn Hùng', 1, '0845556679', '1985-05-05', 1),
('KH-20240823-0146', N'Tiêu Thị Vân', 0, '0846667780', '1998-06-10', 1),
('KH-20240905-0147', N'Quan Văn Đức', 1, '0847778891', '1976-07-15', 1),
('KH-20240918-0148', N'Phí Thị Nhàn', 0, '0848889902', '1984-08-20', 1),
('KH-20241001-0149', N'Nghiêm Văn Vinh', 1, '0849990013', '1991-09-25', 1),
('KH-20241014-0150', N'Cung Thị Cúc', 0, '0850001124', '1987-10-30', 1),
('KH-20241027-0151', N'Nguyễn Văn Thiện', 1, '0851112236', '1994-11-05', 1),
('KH-20241109-0152', N'Trần Thị Loan', 0, '0852223347', '1980-12-10', 1),
('KH-20241122-0153', N'Lê Văn Bảo', 1, '0853334458', '1989-01-15', 1),
('KH-20241205-0154', N'Phạm Thị Lệ', 0, '0854445569', '1992-02-20', 1),
('KH-20241218-0155', N'Hoàng Văn Tài', 1, '0855556670', '1983-03-25', 1),
('KH-20241231-0156', N'Vũ Thị Giang', 0, '0856667781', '1997-04-30', 1),
('KH-20250113-0157', N'Đặng Văn Hiệp', 1, '0857778892', '1977-05-05', 1),
('KH-20250126-0158', N'Bùi Thị Đào', 0, '0858889903', '1986-06-10', 1),
('KH-20250208-0159', N'Đỗ Văn Cường', 1, '0859990014', '1993-07-15', 1),
('KH-20250221-0160', N'Ngô Thị Hương', 0, '0860001125', '1982-08-20', 1),
('KH-20250306-0161', N'Dương Văn Hoàng', 1, '0861112237', '1990-09-25', 1),
('KH-20250319-0162', N'Lý Thị Nhung', 0, '0862223348', '1985-10-30', 1),
('KH-20250401-0163', N'Mai Văn Thành', 1, '0863334459', '1998-11-05', 1),
('KH-20250414-0164', N'Trương Thị Thu', 0, '0864445560', '1975-12-10', 1),
('KH-20250427-0165', N'Hồ Văn Hà', 1, '0865556671', '1984-01-15', 1),
('KH-20250510-0166', N'Đinh Thị Ly', 0, '0866667782', '1991-02-20', 1),
('KH-20250523-0167', N'Tạ Văn Dũng', 1, '0867778893', '1987-03-25', 1),
('KH-20250605-0168', N'Lâm Thị Ngọc', 0, '0868889904', '1994-04-30', 1),
('KH-20250618-0169', N'Cao Văn Quang', 1, '0869990015', '1979-05-05', 1),
('KH-20250701-0170', N'Phùng Thị Hạnh', 0, '0870001126', '1988-06-10', 1),
('KH-20250714-0171', N'Đoàn Văn Long', 1, '0871112238', '1995-07-15', 1),
('KH-20250727-0172', N'Trịnh Thị Liên', 0, '0872223349', '1981-08-20', 1),
('KH-20250809-0173', N'Vương Văn Nam', 1, '0873334450', '1986-09-25', 1),
('KH-20250822-0174', N'Châu Thị Thảo', 0, '0874445561', '1993-10-30', 1),
('KH-20250904-0175', N'Lương Văn Kiên', 1, '0875556672', '1983-11-05', 1),
('KH-20250917-0176', N'Tô Thị Diệu', 0, '0876667783', '1990-12-10', 1),
('KH-20250930-0177', N'Huỳnh Văn Thanh', 1, '0877778894', '1986-01-15', 1),
('KH-20251013-0178', N'Từ Thị Ngân', 0, '0878889905', '1997-02-20', 1),
('KH-20251026-0179', N'La Văn Tú', 1, '0879990016', '1974-03-25', 1),
('KH-20251108-0180', N'Quách Thị Mai', 0, '0880001127', '1982-04-30', 1),
('KH-20230117-0181', N'Thạch Văn Sơn', 1, '0881112239', '1989-05-05', 1),
('KH-20230130-0182', N'Mạc Thị Lan', 0, '0882223340', '1996-06-10', 1),
('KH-20230212-0183', N'Kiều Văn Hòa', 1, '0883334451', '1978-07-15', 1),
('KH-20230225-0184', N'Ông Thị Hằng', 0, '0884445562', '1985-08-20', 1),
('KH-20230310-0185', N'Lục Văn Đạt', 1, '0885556673', '1992-09-25', 1),
('KH-20230323-0186', N'Tăng Thị Linh', 0, '0886667784', '1983-10-30', 1),
('KH-20230405-0187', N'Sầm Văn Phúc', 1, '0887778895', '1991-11-05', 1),
('KH-20230418-0188', N'Khúc Thị Tuyết', 0, '0888889906', '1984-12-10', 1),
('KH-20230501-0189', N'Giáp Văn Lộc', 1, '0889990017', '1998-01-15', 1),
('KH-20230514-0190', N'Triệu Thị Uyên', 0, '0890001128', '1976-02-20', 1),
('KH-20230527-0191', N'Tiêu Văn Khải', 1, '0891112230', '1983-03-25', 1),
('KH-20230609-0192', N'Quan Thị Dung', 0, '0892223341', '1990-04-30', 1),
('KH-20230622-0193', N'Phí Văn Toàn', 1, '0893334452', '1987-05-05', 1),
('KH-20230705-0194', N'Nghiêm Thị Thanh', 0, '0894445563', '1994-06-10', 1),
('KH-20230718-0195', N'Cung Văn Minh', 1, '0895556674', '1979-07-15', 1),
('KH-20230731-0196', N'Nguyễn Thị Phượng', 0, '0896667785', '1988-08-20', 1),
('KH-20230813-0197', N'Trần Văn Khoa', 1, '0897778896', '1995-09-25', 1),
('KH-20230826-0198', N'Lê Thị Hoa', 0, '0898889907', '1980-10-30', 1),
('KH-20230908-0199', N'Phạm Văn Tùng', 1, '0899990018', '1989-11-05', 1),
('KH-20230921-0200', N'Hoàng Thị Bích', 0, '0700001129', '1992-12-10', 1),
('KH-20231004-0201', N'Vũ Văn Khánh', 1, '0701112231', '1982-01-15', 1),
('KH-20231017-0202', N'Đặng Thị Ánh', 0, '0702223342', '1997-02-20', 1),
('KH-20231030-0203', N'Bùi Văn Lâm', 1, '0703334453', '1973-03-25', 1),
('KH-20231112-0204', N'Đỗ Thị Hồng', 0, '0704445564', '1981-04-30', 1),
('KH-20231125-0205', N'Ngô Văn Tuấn', 1, '0705556675', '1988-05-05', 1),
('KH-20231208-0206', N'Dương Thị Kim', 0, '0706667786', '1995-06-10', 1),
('KH-20231221-0207', N'Lý Văn An', 1, '0707778897', '1978-07-15', 1),
('KH-20240103-0208', N'Mai Thị Thương', 0, '0708889908', '1986-08-20', 1),
('KH-20240116-0209', N'Trương Văn Quân', 1, '0709990019', '1993-09-25', 1),
('KH-20240129-0210', N'Hồ Thị Huệ', 0, '0710001120', '1984-10-30', 1),
('KH-20240211-0211', N'Đinh Văn Phú', 1, '0711112232', '1991-11-05', 1),
('KH-20240224-0212', N'Tạ Thị Nga', 0, '0712223343', '1985-12-10', 1),
('KH-20240308-0213', N'Lâm Văn Hùng', 1, '0713334454', '1998-01-15', 1),
('KH-20240321-0214', N'Cao Thị Vân', 0, '0714445565', '1974-02-20', 1),
('KH-20240403-0215', N'Phùng Văn Đức', 1, '0715556676', '1982-03-25', 1),
('KH-20240416-0216', N'Đoàn Thị Nhàn', 0, '0716667787', '1990-04-30', 1),
('KH-20240429-0217', N'Trịnh Văn Vinh', 1, '0717778898', '1987-05-05', 1),
('KH-20240512-0218', N'Vương Thị Cúc', 0, '0718889909', '1994-06-10', 1),
('KH-20240525-0219', N'Châu Văn Thiện', 1, '0719990010', '1977-07-15', 1),
('KH-20240607-0220', N'Lương Thị Loan', 0, '0720001121', '1985-08-20', 1),
('KH-20240620-0221', N'Tô Văn Bảo', 1, '0721112233', '1992-09-25', 1),
('KH-20240703-0222', N'Huỳnh Thị Lệ', 0, '0722223344', '1983-10-30', 1),
('KH-20240716-0223', N'Từ Văn Tài', 1, '0723334455', '1996-11-05', 1),
('KH-20240729-0224', N'La Thị Giang', 0, '0724445566', '1975-12-10', 1),
('KH-20240811-0225', N'Quách Văn Hiệp', 1, '0725556677', '1983-01-15', 1),
('KH-20240824-0226', N'Thạch Thị Đào', 0, '0726667788', '1990-02-20', 1),
('KH-20240906-0227', N'Mạc Văn Cường', 1, '0727778899', '1986-03-25', 1),
('KH-20240919-0228', N'Kiều Thị Hương', 0, '0728889900', '1993-04-30', 1),
('KH-20241002-0229', N'Ông Văn Hoàng', 1, '0729990011', '1978-05-05', 1),
('KH-20241015-0230', N'Lục Thị Nhung', 0, '0730001122', '1986-06-10', 1),
('KH-20241028-0231', N'Tăng Văn Thành', 1, '0731112234', '1993-07-15', 1),
('KH-20241110-0232', N'Sầm Thị Thu', 0, '0732223345', '1981-08-20', 1),
('KH-20241123-0233', N'Khúc Văn Hà', 1, '0733334456', '1988-09-25', 1),
('KH-20241206-0234', N'Giáp Thị Ly', 0, '0734445567', '1995-10-30', 1),
('KH-20241219-0235', N'Triệu Văn Dũng', 1, '0735556678', '1976-11-05', 1),
('KH-20250101-0236', N'Tiêu Thị Ngọc', 0, '0736667789', '1984-12-10', 1),
('KH-20250114-0237', N'Quan Văn Quang', 1, '0737778890', '1991-01-15', 1),
('KH-20250127-0238', N'Phí Thị Hạnh', 0, '0738889901', '1987-02-20', 1),
('KH-20250209-0239', N'Nghiêm Văn Long', 1, '0739990012', '1994-03-25', 1),
('KH-20250222-0240', N'Cung Thị Liên', 0, '0740001123', '1977-04-30', 1),
('KH-20250307-0241', N'Nguyễn Văn Nam', 1, '0741112235', '1985-05-05', 1),
('KH-20250320-0242', N'Trần Thị Thảo', 0, '0742223346', '1992-06-10', 1),
('KH-20250402-0243', N'Lê Văn Kiên', 1, '0743334457', '1979-07-15', 1),
('KH-20250415-0244', N'Phạm Thị Diệu', 0, '0744445568', '1987-08-20', 1),
('KH-20250428-0245', N'Hoàng Văn Thanh', 1, '0745556679', '1994-09-25', 1),
('KH-20250511-0246', N'Vũ Thị Ngân', 0, '0746667780', '1980-10-30', 1),
('KH-20250524-0247', N'Đặng Văn Tú', 1, '0747778891', '1988-11-05', 1),
('KH-20250606-0248', N'Bùi Thị Mai', 0, '0748889902', '1995-12-10', 1),
('KH-20250619-0249', N'Đỗ Văn Sơn', 1, '0749990013', '1973-01-15', 1),
('KH-20250702-0250', N'Ngô Thị Lan', 0, '0750001124', '1981-02-20', 1),
('KH-20250715-0251', N'Dương Văn Hòa', 1, '0751112236', '1988-03-25', 1),
('KH-20250728-0252', N'Lý Thị Hằng', 0, '0752223347', '1995-04-30', 1),
('KH-20250810-0253', N'Mai Văn Đạt', 1, '0753334458', '1976-05-05', 1),
('KH-20250823-0254', N'Trương Thị Linh', 0, '0754445569', '1984-06-10', 1),
('KH-20250905-0255', N'Hồ Văn Phúc', 1, '0755556670', '1991-07-15', 1),
('KH-20250918-0256', N'Đinh Thị Tuyết', 0, '0756667781', '1987-08-20', 1),
('KH-20251001-0257', N'Tạ Văn Lộc', 1, '0757778892', '1994-09-25', 1),
('KH-20251014-0258', N'Lâm Thị Uyên', 0, '0758889903', '1978-10-30', 1),
('KH-20251027-0259', N'Cao Văn Khải', 1, '0759990014', '1986-11-05', 1),
('KH-20251109-0260', N'Phùng Thị Dung', 0, '0760001125', '1993-12-10', 1),
('KH-20230118-0261', N'Đoàn Văn Toàn', 1, '0761112237', '1979-01-15', 1),
('KH-20230131-0262', N'Trịnh Thị Thanh', 0, '0762223348', '1987-02-20', 1),
('KH-20230213-0263', N'Vương Văn Minh', 1, '0763334459', '1994-03-25', 1),
('KH-20230226-0264', N'Châu Thị Phượng', 0, '0764445560', '1975-04-30', 1),
('KH-20230311-0265', N'Lương Văn Khoa', 1, '0765556671', '1983-05-05', 1),
('KH-20230324-0266', N'Tô Thị Hoa', 0, '0766667782', '1990-06-10', 1),
('KH-20230406-0267', N'Huỳnh Văn Tùng', 1, '0767778893', '1986-07-15', 1),
('KH-20230419-0268', N'Từ Thị Bích', 0, '0768889904', '1993-08-20', 1),
('KH-20230502-0269', N'La Văn Khánh', 1, '0769990015', '1977-09-25', 1),
('KH-20230515-0270', N'Quách Thị Ánh', 0, '0770001126', '1985-10-30', 1),
('KH-20230528-0271', N'Thạch Văn Lâm', 1, '0771112238', '1992-11-05', 1),
('KH-20230610-0272', N'Mạc Thị Hồng', 0, '0772223349', '1982-12-10', 1),
('KH-20230623-0273', N'Kiều Văn Tuấn', 1, '0773334450', '1990-01-15', 1),
('KH-20230706-0274', N'Ông Thị Kim', 0, '0774445561', '1985-02-20', 1),
('KH-20230719-0275', N'Lục Văn An', 1, '0775556672', '1997-03-25', 1),
('KH-20230801-0276', N'Tăng Thị Thương', 0, '0776667783', '1972-04-30', 1),
('KH-20230814-0277', N'Sầm Văn Quân', 1, '0777778894', '1980-05-05', 1),
('KH-20230827-0278', N'Khúc Thị Huệ', 0, '0778889905', '1987-06-10', 1),
('KH-20230909-0279', N'Giáp Văn Phú', 1, '0779990016', '1994-07-15', 1),
('KH-20230922-0280', N'Triệu Thị Nga', 0, '0780001127', '1979-08-20', 1),
('KH-20231005-0281', N'Tiêu Văn Hùng', 1, '0781112239', '1987-09-25', 1),
('KH-20231018-0282', N'Quan Thị Vân', 0, '0782223340', '1994-10-30', 1),
('KH-20231031-0283', N'Phí Văn Đức', 1, '0783334451', '1975-11-05', 1),
('KH-20231113-0284', N'Nghiêm Thị Nhàn', 0, '0784445562', '1983-12-10', 1),
('KH-20231126-0285', N'Cung Văn Vinh', 1, '0785556673', '1990-01-15', 1),
('KH-20231209-0286', N'Nguyễn Thị Cúc', 0, '0786667784', '1986-02-20', 1),
('KH-20231222-0287', N'Trần Văn Thiện', 1, '0787778895', '1993-03-25', 1),
('KH-20240104-0288', N'Lê Thị Loan', 0, '0788889906', '1976-04-30', 1),
('KH-20240117-0289', N'Phạm Văn Bảo', 1, '0789990017', '1984-05-05', 1),
('KH-20240130-0290', N'Hoàng Thị Lệ', 0, '0790001128', '1991-06-10', 1),
('KH-20240212-0291', N'Vũ Văn Tài', 1, '0791112230', '1987-07-15', 1),
('KH-20240225-0292', N'Đặng Thị Giang', 0, '0792223341', '1994-08-20', 1),
('KH-20240309-0293', N'Bùi Văn Hiệp', 1, '0793334452', '1974-09-25', 1),
('KH-20240322-0294', N'Đỗ Thị Đào', 0, '0794445563', '1982-10-30', 1),
('KH-20240404-0295', N'Ngô Văn Cường', 1, '0795556674', '1989-11-05', 1),
('KH-20240417-0296', N'Dương Thị Hương', 0, '0796667785', '1996-12-10', 1),
('KH-20240430-0297', N'Lý Văn Hoàng', 1, '0797778896', '1971-01-15', 1),
('KH-20240513-0298', N'Mai Thị Nhung', 0, '0798889907', '1979-02-20', 1),
('KH-20240526-0299', N'Trương Văn Thành', 1, '0799990018', '1986-03-25', 1),
('KH-20240608-0300', N'Hồ Thị Thu', 0, '0800001129', '1993-04-30', 1);
GO