USE QuanLyHieuThuoc
GO
-- 5. NHA CUNG CAP
INSERT INTO NhaCungCap (MaNhaCungCap, TenNhaCungCap, SoDienThoai, DiaChi, Email, HoatDong) VALUES
('NCC-20231122-0001', N'Công ty CP Dược phẩm Việt Đức', '0905123456', N'159 Lê Lợi, Q.Phú Nhuận, TP.HCM', 'duocphamvietduc@gmail.com', 1),
('NCC-20240510-0002', N'Công ty TNHH Phano Pharmacy', '0987345678', N'157 Đồng Khởi, Q.5, TP.HCM', 'phanopharmacy@gmail.com', 1),
('NCC-20250318-0003', N'Công ty CP Vimedimex', '0978456123', N'21 Hai Bà Trưng, Q.5, TP.HCM', 'vimedimex@gmail.com', 1),
('NCC-20240427-0004', N'Nhà thuốc Pymepharco', '0912789456', N'88 Hai Bà Trưng, TP.Thủ Đức, TP.HCM', 'duocphampymepharco@gmail.com', 1),
('NCC-20250109-0005', N'Công ty TNHH Domesco', '0935678123', N'4 Trần Hưng Đạo, Q.10, TP.HCM', 'domesco@gmail.com', 1),
('NCC-20231206-0006', N'Nhà thuốc Dược phẩm An Khang', '0854456677', N'109 Cách Mạng Tháng 8, Q.10, TP.HCM', 'duocphamankhang@gmail.com', 0),
('NCC-20240722-0007', N'Công ty TNHH Imexpharm', '0889912345', N'83 Nguyễn Văn Cừ, Q.5, TP.HCM', 'imexpharm@gmail.com', 0),
('NCC-20250305-0008', N'Công ty TNHH Dược phẩm Traphaco', '0822334455', N'80 Nguyễn Huệ, Q.3, TP.HCM', 'traphaco@gmail.com', 0),
('NCC-20230814-0009', N'Công ty TNHH Mega Lifesciences', '0897744123', N'115 Hai Bà Trưng, Q.Gò Vấp, TP.HCM', 'megalifesciences@gmail.com', 0),
('NCC-20241219-0010', N'Công ty TNHH Medicare Việt Nam', '0876655332', N'76 Nguyễn Thị Minh Khai, Q.3, TP.HCM', 'medicarevietnam@gmail.com', 0);
GO

-- 6. BANG GIA
INSERT INTO BangGia (MaBangGia, MaNhanVien, TenBangGia, NgayApDung, HoatDong) VALUES
('BG-20231220-0001', 'NV-20231212-0005', N'Bảng giá thuốc năm 2023', '2023-12-20', 0),
('BG-20240610-0002', 'NV-20240605-0010', N'Bảng giá thuốc năm 2024', '2024-06-10', 0),
('BG-20250215-0003', 'NV-20250210-0017', N'Bảng giá thuốc năm 2025', '2025-02-15', 1);
GO

INSERT INTO ChiTietBangGia (MaBangGia, GiaTu, GiaDen, TiLe) VALUES
('BG-20240610-0002', 0, 10000, 1.50), ('BG-20240610-0002', 10001, 50000, 1.45), ('BG-20240610-0002', 50001, 100000, 1.40),
('BG-20240610-0002', 100001, 200000, 1.35), ('BG-20240610-0002', 200001, 500000, 1.30), ('BG-20240610-0002', 500001, 9999999, 1.25),
('BG-20250215-0003', 0, 10000, 1.50), ('BG-20250215-0003', 10001, 50000, 1.45), ('BG-20250215-0003', 50001, 100000, 1.40),
('BG-20250215-0003', 100001, 200000, 1.35), ('BG-20250215-0003', 200001, 500000, 1.30), ('BG-20250215-0003', 500001, 9999999, 1.25);
GO

-- 7. SAN PHAM
INSERT INTO SanPham (MaSanPham, TenSanPham, LoaiSanPham, SoDangKy, DuongDung, GiaNhap, GiaBan, HinhAnh, KeBanSanPham, HoatDong) VALUES
('SP-000001', N'APTX-4869', 'THUOC', 'VN-4869', 'UONG', 4869, 0, 'products\aptx4869.jpg', N'Kệ Vip', 1),
('SP-000002', N'Tiffy', 'SAN_PHAM_KHAC', 'VN-116824', 'KHAC', 2500, 0, 'products\tiffy.jpg', N'Quầy thuốc 2', 1),
('SP-000003', N'Thuốc nhỏ mắt Natri Clorid 0.9%', 'THUOC', 'VN-839369', 'DAT', 52000, 0, 'products\natri-clorid.jpg', N'Kệ B1', 1),
('SP-000004', N'Dầu gió xanh', 'SAN_PHAM_KHAC', NULL, 'KHAC', 15000, 0, 'products\daugioxanh.jpg', N'Tủ lạnh 2', 1),
('SP-000005', N'Sữa bột Ensure', 'SAN_PHAM_CHO_ME_VA_BE', 'VN-300536', 'KHAC', 180000, 0, 'products\suabotensure.jpg', N'Quầy thuốc 2', 1),
('SP-000006', N'Kem trị mụn Acnes', 'MY_PHAM', 'VN-976835', 'KHAC', 65000, 0, 'products\kem-tri-mun-acnes.jpg', N'Tủ lạnh 2', 1),
('SP-000007', N'Dụng cụ hút sữa', 'DUNG_CU_Y_TE', 'VN-724019', 'KHAC', 43000, 0, 'products\dungcuhutsua.png', N'Tủ lạnh 1', 1),
('SP-000008', N'Sữa bột Dielac', 'SAN_PHAM_CHO_ME_VA_BE', 'VN-986057', 'KHAC', 180000, 0, 'products\suabotdielac.jpg', N'Kệ B2', 1),
('SP-000009', N'Amoxicillin 250mg', 'THUOC', 'VN-843235', 'DAT', 8000, 0, 'products\amoxicillin-250mg.jpg', N'Tủ lạnh 2', 1),
('SP-000010', N'Siro ho trẻ em', 'THUOC', NULL, 'UONG', 93000, 0, NULL, N'Kệ A1', 1),
('SP-000011', N'Nước rửa bình sữa Farlin', 'DUNG_CU_Y_TE', 'VN-705527', 'KHAC', 85000, 0, NULL, N'Kệ B2', 1),
('SP-000012', N'Vitamin C 1000mg', 'THUC_PHAM_BO_SUNG', NULL, 'KHAC', 8000, 0, NULL, N'Kệ B1', 1),
('SP-000013', N'Son dưỡng môi Vaseline', 'MY_PHAM', 'VN-452273', 'KHAC', 40000, 0, NULL, N'Kệ A1', 1),
('SP-000014', N'Khẩu trang y tế 4 lớp', 'DUNG_CU_Y_TE', 'VN-915836', 'KHAC', 25000, 0, NULL, N'Tủ lạnh 1', 1),
('SP-000015', N'Efferalgan', 'THUOC', 'VN-608279', 'BOI', 4000, 0, NULL, N'Quầy thuốc 2', 1),
('SP-000016', N'Kem chống nắng SPF50+', 'MY_PHAM', NULL, 'KHAC', 80000, 0, NULL, N'Kệ A1', 1),
('SP-000017', N'Decolgen', 'SAN_PHAM_KHAC', 'VN-960928', 'KHAC', 3000, 0, NULL, N'Tủ lạnh 2', 1),
('SP-000018', N'Thuốc bổ gan Boganic', 'THUOC', 'VN-911786', 'NHO', 50000, 0, NULL, N'Kệ A2', 1),
('SP-000019', N'Thuốc bổ mắt Bilberry', 'THUOC', NULL, 'DAT', 15000, 0, NULL, N'Quầy thuốc 2', 1),
('SP-000020', N'Dầu gội Head & Shoulders', 'MY_PHAM', 'VN-911947', 'KHAC', 60000, 0, NULL, N'Quầy thuốc 2', 1),
('SP-000021', N'Strepsils', 'SAN_PHAM_KHAC', 'VN-958503', 'KHAC', 2000, 0, NULL, N'Kệ A2', 1),
('SP-000022', N'Ibuprofen 200mg', 'THUOC', 'VN-686265', 'NHO', 3000, 0, NULL, N'Kệ A1', 1),
('SP-000023', N'Amoxicillin 250mg', 'THUOC', 'VN-336441', 'HIT', 8000, 0, NULL, N'Kệ B2', 1),
('SP-000024', N'Thuốc cảm cúm Coldacmin', 'THUOC', NULL, 'NGAM', 3000, 0, NULL, N'Quầy thuốc 2', 1),
('SP-000025', N'Paracetamol 500mg', 'THUOC', 'VN-985008', 'BOI', 2500, 0, NULL, N'Quầy thuốc 2', 1),
('SP-000026', N'Thuốc ho Prospan', 'THUOC', 'VN-150165', 'HIT', 45000, 0, NULL, N'Kệ B1', 1),
('SP-000027', N'Men tiêu hóa Enterogermina', 'THUC_PHAM_BO_SUNG', 'VN-859224', 'KHAC', 35000, 0, NULL, N'Kệ A1', 1),
('SP-000028', N'Máy đo huyết áp Omron', 'DUNG_CU_Y_TE', 'VN-234610', 'KHAC', 350000, 0, NULL, N'Tủ lạnh 2', 0),
('SP-000029', N'Sữa bột Ensure', 'SAN_PHAM_CHO_ME_VA_BE', NULL, 'KHAC', 180000, 0, NULL, N'Kệ A2', 0),
('SP-000030', N'Amoxicillin 250mg', 'THUOC', 'VN-205080', 'TIEM', 8000, 0, NULL, N'Kệ B2', 0),
('SP-000031', N'Panadol Extra', 'THUOC', 'VN-100031', 'UONG', 3500, 0, NULL, N'Kệ A1', 1),
('SP-000032', N'Augmentin 625mg', 'THUOC', 'VN-100032', 'UONG', 25000, 0, NULL, N'Kệ A2', 1),
('SP-000033', N'Cefixime 200mg', 'THUOC', 'VN-100033', 'UONG', 15000, 0, NULL, N'Kệ B1', 1),
('SP-000034', N'Azithromycin 500mg', 'THUOC', 'VN-100034', 'UONG', 12000, 0, NULL, N'Kệ B2', 1),
('SP-000035', N'Ciprofloxacin 500mg', 'THUOC', 'VN-100035', 'UONG', 8000, 0, NULL, N'Kệ A1', 1),
('SP-000036', N'Metformin 500mg', 'THUOC', 'VN-100036', 'UONG', 2000, 0, NULL, N'Kệ A2', 1),
('SP-000037', N'Losartan 50mg', 'THUOC', 'VN-100037', 'UONG', 5000, 0, NULL, N'Kệ B1', 1),
('SP-000038', N'Amlodipine 5mg', 'THUOC', 'VN-100038', 'UONG', 3000, 0, NULL, N'Kệ B2', 1),
('SP-000039', N'Atorvastatin 20mg', 'THUOC', 'VN-100039', 'UONG', 8000, 0, NULL, N'Kệ A1', 1),
('SP-000040', N'Omeprazole 20mg', 'THUOC', 'VN-100040', 'UONG', 4000, 0, NULL, N'Kệ A2', 1),
('SP-000041', N'Pantoprazole 40mg', 'THUOC', 'VN-100041', 'UONG', 5000, 0, NULL, N'Kệ B1', 1),
('SP-000042', N'Esomeprazole 40mg', 'THUOC', 'VN-100042', 'UONG', 4000, 0, NULL, N'Kệ B2', 1),
('SP-000043', N'Domperidone 10mg', 'THUOC', 'VN-100043', 'UONG', 2500, 0, NULL, N'Kệ A1', 1),
('SP-000044', N'Loperamide 2mg', 'THUOC', 'VN-100044', 'UONG', 2000, 0, NULL, N'Kệ A2', 1),
('SP-000045', N'Smecta', 'THUOC', 'VN-100045', 'UONG', 5000, 0, NULL, N'Kệ B1', 1),
('SP-000046', N'Phosphalugel', 'THUOC', 'VN-100046', 'UONG', 4000, 0, NULL, N'Kệ B2', 1),
('SP-000047', N'Gaviscon', 'THUOC', 'VN-100047', 'UONG', 15000, 0, NULL, N'Kệ A1', 1),
('SP-000048', N'Duphalac', 'THUOC', 'VN-100048', 'UONG', 12000, 0, NULL, N'Kệ A2', 1),
('SP-000049', N'Bisacodyl 5mg', 'THUOC', 'VN-100049', 'UONG', 2000, 0, NULL, N'Kệ B1', 1),
('SP-000050', N'Cetirizine 10mg', 'THUOC', 'VN-100050', 'UONG', 2500, 0, NULL, N'Kệ B2', 1),
('SP-000051', N'Loratadine 10mg', 'THUOC', 'VN-100051', 'UONG', 2000, 0, NULL, N'Kệ A1', 1),
('SP-000052', N'Fexofenadine 180mg', 'THUOC', 'VN-100052', 'UONG', 6000, 0, NULL, N'Kệ A2', 1),
('SP-000053', N'Prednisolone 5mg', 'THUOC', 'VN-100053', 'UONG', 3000, 0, NULL, N'Kệ B1', 1),
('SP-000054', N'Dexamethasone 0.5mg', 'THUOC', 'VN-100054', 'UONG', 2500, 0, NULL, N'Kệ B2', 1),
('SP-000055', N'Methylprednisolone 16mg', 'THUOC', 'VN-100055', 'UONG', 3000, 0, NULL, N'Kệ A1', 1),
('SP-000056', N'Diclofenac 50mg', 'THUOC', 'VN-100056', 'UONG', 5000, 0, NULL, N'Kệ A2', 1),
('SP-000057', N'Meloxicam 7.5mg', 'THUOC', 'VN-100057', 'UONG', 6000, 0, NULL, N'Kệ B1', 1),
('SP-000058', N'Celecoxib 200mg', 'THUOC', 'VN-100058', 'UONG', 10000, 0, NULL, N'Kệ B2', 1),
('SP-000059', N'Tramadol 50mg', 'THUOC', 'VN-100059', 'UONG', 5000, 0, NULL, N'Kệ A1', 1),
('SP-000060', N'Gabapentin 300mg', 'THUOC', 'VN-100060', 'UONG', 8000, 0, NULL, N'Kệ A2', 1),
('SP-000061', N'Pregabalin 75mg', 'THUOC', 'VN-100061', 'UONG', 12000, 0, NULL, N'Kệ B1', 1),
('SP-000062', N'Sertraline 50mg', 'THUOC', 'VN-100062', 'UONG', 7000, 0, NULL, N'Kệ B2', 1),
('SP-000063', N'Escitalopram 10mg', 'THUOC', 'VN-100063', 'UONG', 10000, 0, NULL, N'Kệ A1', 1),
('SP-000064', N'Alprazolam 0.5mg', 'THUOC', 'VN-100064', 'UONG', 4000, 0, NULL, N'Kệ A2', 1),
('SP-000065', N'Diazepam 5mg', 'THUOC', 'VN-100065', 'UONG', 3000, 0, NULL, N'Kệ B1', 1),
('SP-000066', N'Vitamin B Complex', 'THUC_PHAM_BO_SUNG', 'VN-100066', 'KHAC', 6000, 0, NULL, N'Kệ B2', 1),
('SP-000067', N'Vitamin E 400IU', 'THUC_PHAM_BO_SUNG', 'VN-100067', 'KHAC', 10000, 0, NULL, N'Kệ A1', 1),
('SP-000068', N'Vitamin D3 1000IU', 'THUC_PHAM_BO_SUNG', 'VN-100068', 'KHAC', 12000, 0, NULL, N'Kệ A2', 1),
('SP-000069', N'Canxi D3', 'THUC_PHAM_BO_SUNG', 'VN-100069', 'KHAC', 12000, 0, NULL, N'Kệ B1', 1),
('SP-000070', N'Sắt Folic', 'THUC_PHAM_BO_SUNG', 'VN-100070', 'KHAC', 8000, 0, NULL, N'Kệ B2', 1),
('SP-000071', N'Omega 3 Fish Oil', 'THUC_PHAM_BO_SUNG', 'VN-100071', 'KHAC', 25000, 0, NULL, N'Kệ A1', 1),
('SP-000072', N'Glucosamine 1500mg', 'THUC_PHAM_BO_SUNG', 'VN-100072', 'KHAC', 30000, 0, NULL, N'Kệ A2', 1),
('SP-000073', N'Collagen Type 1', 'THUC_PHAM_BO_SUNG', 'VN-100073', 'KHAC', 40000, 0, NULL, N'Kệ B1', 1),
('SP-000074', N'Probiotics 10 tỷ CFU', 'THUC_PHAM_BO_SUNG', 'VN-100074', 'KHAC', 20000, 0, NULL, N'Kệ B2', 1),
('SP-000075', N'Vitamin tổng hợp cho bà bầu', 'THUC_PHAM_BO_SUNG', 'VN-100075', 'KHAC', 35000, 0, NULL, N'Kệ A1', 1),
('SP-000076', N'Kẽm Zinc', 'THUC_PHAM_BO_SUNG', 'VN-100076', 'KHAC', 10000, 0, NULL, N'Kệ A2', 1),
('SP-000077', N'Magie B6', 'THUC_PHAM_BO_SUNG', 'VN-100077', 'KHAC', 12000, 0, NULL, N'Kệ B1', 1),
('SP-000078', N'Coenzyme Q10', 'THUC_PHAM_BO_SUNG', 'VN-100078', 'KHAC', 35000, 0, NULL, N'Kệ B2', 1),
('SP-000079', N'Spirulina', 'THUC_PHAM_BO_SUNG', 'VN-100079', 'KHAC', 18000, 0, NULL, N'Kệ A1', 1),
('SP-000080', N'Tảo xoắn Nhật Bản', 'THUC_PHAM_BO_SUNG', 'VN-100080', 'KHAC', 25000, 0, NULL, N'Kệ A2', 1),
('SP-000081', N'Sữa bột Similac', 'SAN_PHAM_CHO_ME_VA_BE', 'VN-100081', 'KHAC', 180000, 0, NULL, N'Kệ B1', 1),
('SP-000082', N'Sữa bột Nan', 'SAN_PHAM_CHO_ME_VA_BE', 'VN-100082', 'KHAC', 180000, 0, NULL, N'Kệ B2', 1),
('SP-000083', N'Sữa bột Enfamil', 'SAN_PHAM_CHO_ME_VA_BE', 'VN-100083', 'KHAC', 180000, 0, NULL, N'Kệ A1', 1),
('SP-000084', N'Sữa bột Friso', 'SAN_PHAM_CHO_ME_VA_BE', 'VN-100084', 'KHAC', 180000, 0, NULL, N'Kệ A2', 1),
('SP-000085', N'Sữa bột Meiji', 'SAN_PHAM_CHO_ME_VA_BE', 'VN-100085', 'KHAC', 180000, 0, NULL, N'Kệ B1', 1),
('SP-000086', N'Bỉm Pampers', 'SAN_PHAM_CHO_ME_VA_BE', 'VN-100086', 'KHAC', 85000, 0, NULL, N'Kệ B2', 1),
('SP-000087', N'Bỉm Huggies', 'SAN_PHAM_CHO_ME_VA_BE', 'VN-100087', 'KHAC', 85000, 0, NULL, N'Kệ A1', 1),
('SP-000088', N'Bỉm Bobby', 'SAN_PHAM_CHO_ME_VA_BE', 'VN-100088', 'KHAC', 85000, 0, NULL, N'Kệ A2', 1),
('SP-000089', N'Khăn ướt cho bé', 'SAN_PHAM_CHO_ME_VA_BE', 'VN-100089', 'KHAC', 25000, 0, NULL, N'Kệ B1', 1),
('SP-000090', N'Dầu tắm gội Johnson Baby', 'SAN_PHAM_CHO_ME_VA_BE', 'VN-100090', 'KHAC', 42500, 0, NULL, N'Kệ B2', 1),
('SP-000091', N'Kem chống hăm Bepanthen', 'SAN_PHAM_CHO_ME_VA_BE', 'VN-100091', 'KHAC', 75000, 0, NULL, N'Kệ A1', 1),
('SP-000092', N'Bình sữa Pigeon', 'SAN_PHAM_CHO_ME_VA_BE', 'VN-100092', 'KHAC', 85000, 0, NULL, N'Kệ A2', 1),
('SP-000093', N'Núm ti Comotomo', 'SAN_PHAM_CHO_ME_VA_BE', 'VN-100093', 'KHAC', 35000, 0, NULL, N'Kệ B1', 1),
('SP-000094', N'Máy hâm sữa', 'SAN_PHAM_CHO_ME_VA_BE', 'VN-100094', 'KHAC', 180000, 0, NULL, N'Kệ B2', 1),
('SP-000095', N'Máy tiệt trùng bình sữa', 'SAN_PHAM_CHO_ME_VA_BE', 'VN-100095', 'KHAC', 85000, 0, NULL, N'Kệ A1', 1),
('SP-000096', N'Nhiệt kế điện tử Omron', 'DUNG_CU_Y_TE', 'VN-100096', 'KHAC', 95000, 0, NULL, N'Kệ A2', 1),
('SP-000097', N'Máy đo đường huyết', 'DUNG_CU_Y_TE', 'VN-100097', 'KHAC', 450000, 0, NULL, N'Kệ B1', 1),
('SP-000098', N'Que thử đường huyết', 'DUNG_CU_Y_TE', 'VN-100098', 'KHAC', 57000, 0, NULL, N'Kệ B2', 1),
('SP-000099', N'Máy xông khí dung', 'DUNG_CU_Y_TE', 'VN-100099', 'KHAC', 320000, 0, NULL, N'Kệ A1', 1),
('SP-000100', N'Băng gạc y tế', 'DUNG_CU_Y_TE', 'VN-100100', 'KHAC', 12000, 0, NULL, N'Kệ A2', 1),
('SP-000101', N'Cồn y tế 70 độ', 'DUNG_CU_Y_TE', 'VN-100101', 'KHAC', 8000, 0, NULL, N'Kệ B1', 1),
('SP-000102', N'Oxy già', 'DUNG_CU_Y_TE', 'VN-100102', 'KHAC', 6000, 0, NULL, N'Kệ B2', 1),
('SP-000103', N'Povidone Iodine 10%', 'DUNG_CU_Y_TE', 'VN-100103', 'KHAC', 12000, 0, NULL, N'Kệ A1', 1),
('SP-000104', N'Băng keo cá nhân', 'DUNG_CU_Y_TE', 'VN-100104', 'KHAC', 5000, 0, NULL, N'Kệ A2', 1),
('SP-000105', N'Gạc vô trùng 10x10', 'DUNG_CU_Y_TE', 'VN-100105', 'KHAC', 23333, 0, NULL, N'Kệ B1', 1),
('SP-000106', N'Kim tiêm y tế', 'DUNG_CU_Y_TE', 'VN-100106', 'KHAC', 3000, 0, NULL, N'Kệ B2', 1),
('SP-000107', N'Bơm tiêm 5ml', 'DUNG_CU_Y_TE', 'VN-100107', 'KHAC', 2000, 0, NULL, N'Kệ A1', 1),
('SP-000108', N'Găng tay y tế Latex', 'DUNG_CU_Y_TE', 'VN-100108', 'KHAC', 45000, 0, NULL, N'Kệ A2', 1),
('SP-000109', N'Găng tay Nitrile', 'DUNG_CU_Y_TE', 'VN-100109', 'KHAC', 45000, 0, NULL, N'Kệ B1', 1),
('SP-000110', N'Nẹp cố định ngón tay', 'DUNG_CU_Y_TE', 'VN-100110', 'KHAC', 30000, 0, NULL, N'Kệ B2', 1),
('SP-000111', N'Kem dưỡng ẩm Nivea', 'MY_PHAM', 'VN-100111', 'KHAC', 75000, 0, NULL, N'Kệ A1', 1),
('SP-000112', N'Sữa rửa mặt Cetaphil', 'MY_PHAM', 'VN-100112', 'KHAC', 55000, 0, NULL, N'Kệ A2', 1),
('SP-000113', N'Serum Vitamin C', 'MY_PHAM', 'VN-100113', 'KHAC', 8000, 0, NULL, N'Kệ B1', 1),
('SP-000114', N'Kem trị thâm mụn', 'MY_PHAM', 'VN-100114', 'KHAC', 48333, 0, NULL, N'Kệ B2', 1),
('SP-000115', N'Mặt nạ dưỡng da', 'MY_PHAM', 'VN-100115', 'KHAC', 8000, 0, NULL, N'Kệ A1', 1),
('SP-000116', N'Toner cân bằng da', 'MY_PHAM', 'VN-100116', 'KHAC', 55000, 0, NULL, N'Kệ A2', 1),
('SP-000117', N'Kem mắt chống lão hóa', 'MY_PHAM', 'VN-100117', 'KHAC', 49000, 0, NULL, N'Kệ B1', 1),
('SP-000118', N'Kem body dưỡng trắng', 'MY_PHAM', 'VN-100118', 'KHAC', 41666, 0, NULL, N'Kệ B2', 1),
('SP-000119', N'Dầu dưỡng tóc Moroccan', 'MY_PHAM', 'VN-100119', 'KHAC', 61666, 0, NULL, N'Kệ A1', 1),
('SP-000120', N'Xịt khoáng Avene', 'MY_PHAM', 'VN-100120', 'KHAC', 45000, 0, NULL, N'Kệ A2', 1),
('SP-000121', N'Dầu cù là Con Hổ', 'SAN_PHAM_KHAC', 'VN-100121', 'KHAC', 25000, 0, NULL, N'Kệ B1', 1),
('SP-000122', N'Cao Sao Vàng', 'SAN_PHAM_KHAC', 'VN-100122', 'KHAC', 3000, 0, NULL, N'Kệ B2', 1),
('SP-000123', N'Nước muối sinh lý', 'SAN_PHAM_KHAC', 'VN-100123', 'KHAC', 8000, 0, NULL, N'Kệ A1', 1),
('SP-000124', N'Thuốc nhỏ mũi Otrivin', 'SAN_PHAM_KHAC', 'VN-100124', 'KHAC', 35000, 0, NULL, N'Kệ A2', 1),
('SP-000125', N'Kẹo ngậm ho Halls', 'SAN_PHAM_KHAC', 'VN-100125', 'KHAC', 5000, 0, NULL, N'Kệ B1', 1),
('SP-000126', N'Miếng dán giảm đau Salonpas', 'SAN_PHAM_KHAC', 'VN-100126', 'KHAC', 45000, 0, NULL, N'Kệ B2', 1),
('SP-000127', N'Gel bôi giảm đau cơ', 'SAN_PHAM_KHAC', 'VN-100127', 'KHAC', 47500, 0, NULL, N'Kệ A1', 1),
('SP-000128', N'Xịt họng thảo dược', 'SAN_PHAM_KHAC', 'VN-100128', 'KHAC', 37500, 0, NULL, N'Kệ A2', 1),
('SP-000129', N'Nước súc miệng Listerine', 'SAN_PHAM_KHAC', 'VN-100129', 'KHAC', 40000, 0, NULL, N'Kệ B1', 1),
('SP-000130', N'Kem đánh răng Sensodyne', 'SAN_PHAM_KHAC', 'VN-100130', 'KHAC', 35000, 0, NULL, N'Kệ B2', 1),
('SP-000131', N'Thuốc trị nấm da Canesten', 'THUOC', 'VN-100131', 'BOI', 42500, 0, NULL, N'Kệ A1', 1),
('SP-000132', N'Thuốc mỡ Fucidin', 'THUOC', 'VN-100132', 'BOI', 41666, 0, NULL, N'Kệ A2', 1),
('SP-000133', N'Thuốc nhỏ mắt Tobrex', 'THUOC', 'VN-100133', 'NHO', 32500, 0, NULL, N'Kệ B1', 1),
('SP-000134', N'Thuốc nhỏ mắt Vigamox', 'THUOC', 'VN-100134', 'NHO', 48333, 0, NULL, N'Kệ B2', 1),
('SP-000135', N'Thuốc nhỏ mắt Systane', 'THUOC', 'VN-100135', 'NHO', 61666, 0, NULL, N'Kệ A1', 1),
('SP-000136', N'Thuốc xịt mũi Flixonase', 'THUOC', 'VN-100136', 'HIT', 200000, 0, NULL, N'Kệ A2', 1),
('SP-000137', N'Thuốc xịt hen Ventolin', 'THUOC', 'VN-100137', 'HIT', 42500, 0, NULL, N'Kệ B1', 1),
('SP-000138', N'Thuốc xịt hen Symbicort', 'THUOC', 'VN-100138', 'HIT', 97000, 0, NULL, N'Kệ B2', 1),
('SP-000139', N'Thuốc đặt hậu môn Bisacodyl', 'THUOC', 'VN-100139', 'DAT', 2000, 0, NULL, N'Kệ A1', 1),
('SP-000140', N'Thuốc đặt phụ khoa Polygynax', 'THUOC', 'VN-100140', 'DAT', 61666, 0, NULL, N'Kệ A2', 1),
('SP-000141', N'Thuốc tiêm B12', 'THUOC', 'VN-100141', 'TIEM', 30000, 0, NULL, N'Kệ B1', 1),
('SP-000142', N'Thuốc tiêm Neurobion', 'THUOC', 'VN-100142', 'TIEM', 41666, 0, NULL, N'Kệ B2', 1),
('SP-000143', N'Siro ho Bisolvon', 'THUOC', 'VN-100143', 'UONG', 42500, 0, NULL, N'Kệ A1', 1),
('SP-000144', N'Siro ho Mucosolvan', 'THUOC', 'VN-100144', 'UONG', 47500, 0, NULL, N'Kệ A2', 1),
('SP-000145', N'Siro ho Astex', 'THUOC', 'VN-100145', 'UONG', 27500, 0, NULL, N'Kệ B1', 1),
('SP-000146', N'Siro bổ phế Nam Hà', 'THUOC', 'VN-100146', 'UONG', 30000, 0, NULL, N'Kệ B2', 1),
('SP-000147', N'Thuốc bổ não Ginkgo Biloba', 'THUOC', 'VN-100147', 'UONG', 61666, 0, NULL, N'Kệ A1', 1),
('SP-000148', N'Thuốc bổ thận Kidney Support', 'THUOC', 'VN-100148', 'UONG', 48333, 0, NULL, N'Kệ A2', 1),
('SP-000149', N'Thuốc trĩ Proctolog', 'THUOC', 'VN-100149', 'DAT', 41666, 0, NULL, N'Kệ B1', 1),
('SP-000150', N'Thuốc trị viêm xoang', 'THUOC', 'VN-100150', 'UONG', 200000, 0, NULL, N'Kệ B2', 1),
('SP-000151', N'Thuốc trị gút Allopurinol', 'THUOC', 'VN-100151', 'UONG', 27500, 0, NULL, N'Kệ A1', 1),
('SP-000152', N'Thuốc trị gút Colchicine', 'THUOC', 'VN-100152', 'UONG', 42500, 0, NULL, N'Kệ A2', 1),
('SP-000153', N'Thuốc trị táo bón Forlax', 'THUOC', 'VN-100153', 'UONG', 41666, 0, NULL, N'Kệ B1', 1),
('SP-000154', N'Thuốc trị tiêu chảy Hidrasec', 'THUOC', 'VN-100154', 'UONG', 48333, 0, NULL, N'Kệ B2', 1),
('SP-000155', N'Thuốc trị viêm đại tràng', 'THUOC', 'VN-100155', 'UONG', 55000, 0, NULL, N'Kệ A1', 1),
('SP-000156', N'Thuốc trị loét dạ dày Sucralfate', 'THUOC', 'VN-100156', 'UONG', 37500, 0, NULL, N'Kệ A2', 1),
('SP-000157', N'Thuốc trị tiểu đường Gliclazide', 'THUOC', 'VN-100157', 'UONG', 32500, 0, NULL, N'Kệ B1', 1),
('SP-000158', N'Thuốc trị tiểu đường Glimepiride', 'THUOC', 'VN-100158', 'UONG', 27500, 0, NULL, N'Kệ B2', 1),
('SP-000159', N'Thuốc trị cao huyết áp Lisinopril', 'THUOC', 'VN-100159', 'UONG', 32000, 0, NULL, N'Kệ A1', 1),
('SP-000160', N'Thuốc trị cao huyết áp Valsartan', 'THUOC', 'VN-100160', 'UONG', 34000, 0, NULL, N'Kệ A2', 1),
('SP-000161', N'Thuốc tim mạch Bisoprolol', 'THUOC', 'VN-100161', 'UONG', 37500, 0, NULL, N'Kệ B1', 1),
('SP-000162', N'Thuốc tim mạch Amiodarone', 'THUOC', 'VN-100162', 'UONG', 61666, 0, NULL, N'Kệ B2', 1),
('SP-000163', N'Thuốc loãng xương Alendronate', 'THUOC', 'VN-100163', 'UONG', 41666, 0, NULL, N'Kệ A1', 1),
('SP-000164', N'Thuốc trị viêm khớp', 'THUOC', 'VN-100164', 'UONG', 48333, 0, NULL, N'Kệ A2', 1),
('SP-000165', N'Thuốc trị đau vai gáy', 'THUOC', 'VN-100165', 'UONG', 47500, 0, NULL, N'Kệ B1', 1),
('SP-000166', N'Thuốc trị viêm họng Tantum', 'THUOC', 'VN-100166', 'NGAM', 32500, 0, NULL, N'Kệ B2', 1),
('SP-000167', N'Thuốc trị viêm amidan', 'THUOC', 'VN-100167', 'UONG', 42500, 0, NULL, N'Kệ A1', 1),
('SP-000168', N'Thuốc trị viêm phế quản', 'THUOC', 'VN-100168', 'UONG', 41666, 0, NULL, N'Kệ A2', 1),
('SP-000169', N'Thuốc trị viêm phổi', 'THUOC', 'VN-100169', 'UONG', 61666, 0, NULL, N'Kệ B1', 1),
('SP-000170', N'Thuốc trị hen suyễn Montelukast', 'THUOC', 'VN-100170', 'UONG', 48333, 0, NULL, N'Kệ B2', 1),
('SP-000171', N'Thuốc trị mất ngủ Zolpidem', 'THUOC', 'VN-100171', 'UONG', 47500, 0, NULL, N'Kệ A1', 1),
('SP-000172', N'Thuốc trị lo âu Buspirone', 'THUOC', 'VN-100172', 'UONG', 42500, 0, NULL, N'Kệ A2', 1),
('SP-000173', N'Thuốc trị trầm cảm Fluoxetine', 'THUOC', 'VN-100173', 'UONG', 37500, 0, NULL, N'Kệ B1', 1),
('SP-000174', N'Thuốc trị Parkinson Levodopa', 'THUOC', 'VN-100174', 'UONG', 57000, 0, NULL, N'Kệ B2', 1),
('SP-000175', N'Thuốc trị động kinh Carbamazepine', 'THUOC', 'VN-100175', 'UONG', 41666, 0, NULL, N'Kệ A1', 1);
GO

INSERT INTO SanPham (MaSanPham, TenSanPham, LoaiSanPham, SoDangKy, DuongDung, GiaNhap, GiaBan, HinhAnh, KeBanSanPham, HoatDong) VALUES
('SP-000176', N'Thuốc trị đau đầu Migraine', 'THUOC', 'VN-100176', 'UONG', 47500, 0, NULL, N'Kệ A2', 1),
('SP-000177', N'Thuốc trị chóng mặt Betahistine', 'THUOC', 'VN-100177', 'UONG', 32500, 0, NULL, N'Kệ B1', 1),
('SP-000178', N'Thuốc trị đau thần kinh', 'THUOC', 'VN-100178', 'UONG', 48333, 0, NULL, N'Kệ B2', 1),
('SP-000179', N'Thuốc trị zona thần kinh', 'THUOC', 'VN-100179', 'UONG', 61666, 0, NULL, N'Kệ A1', 1),
('SP-000180', N'Thuốc trị sỏi thận', 'THUOC', 'VN-100180', 'UONG', 41666, 0, NULL, N'Kệ A2', 1),
('SP-000181', N'Thuốc trị viêm bàng quang', 'THUOC', 'VN-100181', 'UONG', 47500, 0, NULL, N'Kệ B1', 1),
('SP-000182', N'Thuốc trị viêm tuyến tiền liệt', 'THUOC', 'VN-100182', 'UONG', 55000, 0, NULL, N'Kệ B2', 1),
('SP-000183', N'Thuốc trị rối loạn cương dương', 'THUOC', 'VN-100183', 'UONG', 57000, 0, NULL, N'Kệ A1', 1),
('SP-000184', N'Thuốc tránh thai khẩn cấp', 'THUOC', 'VN-100184', 'UONG', 42500, 0, NULL, N'Kệ A2', 1),
('SP-000185', N'Thuốc tránh thai hàng ngày', 'THUOC', 'VN-100185', 'UONG', 30000, 0, NULL, N'Kệ B1', 1),
('SP-000186', N'Thuốc điều hòa kinh nguyệt', 'THUOC', 'VN-100186', 'UONG', 41666, 0, NULL, N'Kệ B2', 1),
('SP-000187', N'Thuốc trị viêm âm đạo', 'THUOC', 'VN-100187', 'DAT', 47500, 0, NULL, N'Kệ A1', 1),
('SP-000188', N'Thuốc trị nấm Candida', 'THUOC', 'VN-100188', 'DAT', 48333, 0, NULL, N'Kệ A2', 1),
('SP-000189', N'Thuốc trị viêm cổ tử cung', 'THUOC', 'VN-100189', 'DAT', 61666, 0, NULL, N'Kệ B1', 1),
('SP-000190', N'Thuốc bổ trứng', 'THUC_PHAM_BO_SUNG', 'VN-100190', 'KHAC', 49000, 0, NULL, N'Kệ B2', 1),
('SP-000191', N'Acid Folic cho bà bầu', 'THUC_PHAM_BO_SUNG', 'VN-100191', 'KHAC', 42500, 0, NULL, N'Kệ A1', 1),
('SP-000192', N'DHA cho bà bầu', 'THUC_PHAM_BO_SUNG', 'VN-100192', 'KHAC', 57000, 0, NULL, N'Kệ A2', 1),
('SP-000193', N'Vitamin tổng hợp cho trẻ em', 'THUC_PHAM_BO_SUNG', 'VN-100193', 'KHAC', 35000, 0, NULL, N'Kệ B1', 1),
('SP-000194', N'Vitamin C cho trẻ em', 'THUC_PHAM_BO_SUNG', 'VN-100194', 'KHAC', 8000, 0, NULL, N'Kệ B2', 1),
('SP-000195', N'Canxi cho trẻ em', 'THUC_PHAM_BO_SUNG', 'VN-100195', 'KHAC', 12000, 0, NULL, N'Kệ A1', 1),
('SP-000196', N'Kẽm cho trẻ em', 'THUC_PHAM_BO_SUNG', 'VN-100196', 'KHAC', 10000, 0, NULL, N'Kệ A2', 1),
('SP-000197', N'Siro ăn ngon cho bé', 'THUC_PHAM_BO_SUNG', 'VN-100197', 'KHAC', 41666, 0, NULL, N'Kệ B1', 1),
('SP-000198', N'Siro tăng đề kháng', 'THUC_PHAM_BO_SUNG', 'VN-100198', 'KHAC', 48333, 0, NULL, N'Kệ B2', 1),
('SP-000199', N'Siro bổ sung sắt', 'THUC_PHAM_BO_SUNG', 'VN-100199', 'KHAC', 8000, 0, NULL, N'Kệ A1', 1),
('SP-000200', N'Cốm vi sinh cho bé', 'THUC_PHAM_BO_SUNG', 'VN-100200', 'KHAC', 55000, 0, NULL, N'Kệ A2', 1),
('SP-000201', N'Cốm Lysine', 'THUC_PHAM_BO_SUNG', 'VN-100201', 'KHAC', 41666, 0, NULL, N'Kệ B1', 1),
('SP-000202', N'Vitamin tổng hợp cho người cao tuổi', 'THUC_PHAM_BO_SUNG', 'VN-100202', 'KHAC', 35000, 0, NULL, N'Kệ B2', 1),
('SP-000203', N'Nhân sâm Hàn Quốc', 'THUC_PHAM_BO_SUNG', 'VN-100203', 'KHAC', 60000, 0, NULL, N'Kệ A1', 1),
('SP-000204', N'Đông trùng hạ thảo', 'THUC_PHAM_BO_SUNG', 'VN-100204', 'KHAC', 80000, 0, NULL, N'Kệ A2', 1),
('SP-000205', N'Linh chi đỏ', 'THUC_PHAM_BO_SUNG', 'VN-100205', 'KHAC', 50000, 0, NULL, N'Kệ B1', 1),
('SP-000206', N'Sữa ong chúa', 'THUC_PHAM_BO_SUNG', 'VN-100206', 'KHAC', 40000, 0, NULL, N'Kệ B2', 1),
('SP-000207', N'Tinh dầu thông đỏ', 'THUC_PHAM_BO_SUNG', 'VN-100207', 'KHAC', 49000, 0, NULL, N'Kệ A1', 1),
('SP-000208', N'Viên uống đẹp da', 'THUC_PHAM_BO_SUNG', 'VN-100208', 'KHAC', 57000, 0, NULL, N'Kệ A2', 1),
('SP-000209', N'Viên uống giảm cân', 'THUC_PHAM_BO_SUNG', 'VN-100209', 'KHAC', 77000, 0, NULL, N'Kệ B1', 1),
('SP-000210', N'Viên uống tăng cân', 'THUC_PHAM_BO_SUNG', 'VN-100210', 'KHAC', 49000, 0, NULL, N'Kệ B2', 1),
('SP-000211', N'Sữa bột Aptamil', 'SAN_PHAM_CHO_ME_VA_BE', 'VN-100211', 'KHAC', 180000, 0, NULL, N'Kệ A1', 1),
('SP-000212', N'Sữa bột S26', 'SAN_PHAM_CHO_ME_VA_BE', 'VN-100212', 'KHAC', 180000, 0, NULL, N'Kệ A2', 1),
('SP-000213', N'Sữa bột Grow Plus', 'SAN_PHAM_CHO_ME_VA_BE', 'VN-100213', 'KHAC', 180000, 0, NULL, N'Kệ B1', 1),
('SP-000214', N'Sữa bột Pediasure', 'SAN_PHAM_CHO_ME_VA_BE', 'VN-100214', 'KHAC', 180000, 0, NULL, N'Kệ B2', 1),
('SP-000215', N'Sữa bột Abbott', 'SAN_PHAM_CHO_ME_VA_BE', 'VN-100215', 'KHAC', 180000, 0, NULL, N'Kệ A1', 1),
('SP-000216', N'Sữa bột Vinamilk', 'SAN_PHAM_CHO_ME_VA_BE', 'VN-100216', 'KHAC', 180000, 0, NULL, N'Kệ A2', 1),
('SP-000217', N'Sữa bột Nutifood', 'SAN_PHAM_CHO_ME_VA_BE', 'VN-100217', 'KHAC', 180000, 0, NULL, N'Kệ B1', 1),
('SP-000218', N'Sữa bột TH True Milk', 'SAN_PHAM_CHO_ME_VA_BE', 'VN-100218', 'KHAC', 180000, 0, NULL, N'Kệ B2', 1),
('SP-000219', N'Bỉm Merries', 'SAN_PHAM_CHO_ME_VA_BE', 'VN-100219', 'KHAC', 85000, 0, NULL, N'Kệ A1', 1),
('SP-000220', N'Bỉm Moony', 'SAN_PHAM_CHO_ME_VA_BE', 'VN-100220', 'KHAC', 85000, 0, NULL, N'Kệ A2', 1),
('SP-000221', N'Bỉm Goon', 'SAN_PHAM_CHO_ME_VA_BE', 'VN-100221', 'KHAC', 85000, 0, NULL, N'Kệ B1', 1),
('SP-000222', N'Bình sữa Comotomo', 'SAN_PHAM_CHO_ME_VA_BE', 'VN-100222', 'KHAC', 85000, 0, NULL, N'Kệ B2', 1),
('SP-000223', N'Bình sữa Dr Brown', 'SAN_PHAM_CHO_ME_VA_BE', 'VN-100223', 'KHAC', 85000, 0, NULL, N'Kệ A1', 1),
('SP-000224', N'Bình sữa Avent', 'SAN_PHAM_CHO_ME_VA_BE', 'VN-100224', 'KHAC', 85000, 0, NULL, N'Kệ A2', 1),
('SP-000225', N'Máy hút sữa Medela', 'SAN_PHAM_CHO_ME_VA_BE', 'VN-100225', 'KHAC', 950000, 0, NULL, N'Kệ B1', 1),
('SP-000226', N'Máy hút sữa Spectra', 'SAN_PHAM_CHO_ME_VA_BE', 'VN-100226', 'KHAC', 950000, 0, NULL, N'Kệ B2', 1),
('SP-000227', N'Gối chống trào ngược', 'SAN_PHAM_CHO_ME_VA_BE', 'VN-100227', 'KHAC', 57000, 0, NULL, N'Kệ A1', 1),
('SP-000228', N'Đai nịt bụng sau sinh', 'SAN_PHAM_CHO_ME_VA_BE', 'VN-100228', 'KHAC', 61666, 0, NULL, N'Kệ A2', 1),
('SP-000229', N'Túi trữ sữa mẹ', 'SAN_PHAM_CHO_ME_VA_BE', 'VN-100229', 'KHAC', 41666, 0, NULL, N'Kệ B1', 1),
('SP-000230', N'Miếng lót thấm sữa', 'SAN_PHAM_CHO_ME_VA_BE', 'VN-100230', 'KHAC', 42500, 0, NULL, N'Kệ B2', 1),
('SP-000231', N'Máy đo SpO2', 'DUNG_CU_Y_TE', 'VN-100231', 'KHAC', 77000, 0, NULL, N'Kệ A1', 1),
('SP-000232', N'Máy đo huyết áp cổ tay', 'DUNG_CU_Y_TE', 'VN-100232', 'KHAC', 350000, 0, NULL, N'Kệ A2', 1),
('SP-000233', N'Máy massage cầm tay', 'DUNG_CU_Y_TE', 'VN-100233', 'KHAC', 97000, 0, NULL, N'Kệ B1', 1),
('SP-000234', N'Máy massage cổ vai gáy', 'DUNG_CU_Y_TE', 'VN-100234', 'KHAC', 68500, 0, NULL, N'Kệ B2', 1),
('SP-000235', N'Đai lưng hỗ trợ', 'DUNG_CU_Y_TE', 'VN-100235', 'KHAC', 57000, 0, NULL, N'Kệ A1', 1),
('SP-000236', N'Đai gối hỗ trợ', 'DUNG_CU_Y_TE', 'VN-100236', 'KHAC', 61666, 0, NULL, N'Kệ A2', 1),
('SP-000237', N'Nạng gỗ', 'DUNG_CU_Y_TE', 'VN-100237', 'KHAC', 80000, 0, NULL, N'Kệ B1', 1),
('SP-000238', N'Xe lăn tay', 'DUNG_CU_Y_TE', 'VN-100238', 'KHAC', 1500000, 0, NULL, N'Kệ B2', 1),
('SP-000239', N'Gậy chống đi bộ', 'DUNG_CU_Y_TE', 'VN-100239', 'KHAC', 100000, 0, NULL, N'Kệ A1', 1),
('SP-000240', N'Ghế bô vệ sinh', 'DUNG_CU_Y_TE', 'VN-100240', 'KHAC', 97000, 0, NULL, N'Kệ A2', 1),
('SP-000241', N'Kem dưỡng da La Roche-Posay', 'MY_PHAM', 'VN-100241', 'KHAC', 75000, 0, NULL, N'Kệ B1', 1),
('SP-000242', N'Sữa rửa mặt La Roche-Posay', 'MY_PHAM', 'VN-100242', 'KHAC', 55000, 0, NULL, N'Kệ B2', 1),
('SP-000243', N'Kem chống nắng La Roche-Posay', 'MY_PHAM', 'VN-100243', 'KHAC', 80000, 0, NULL, N'Kệ A1', 1),
('SP-000244', N'Serum retinol', 'MY_PHAM', 'VN-100244', 'KHAC', 120000, 0, NULL, N'Kệ A2', 1),
('SP-000245', N'Serum niacinamide', 'MY_PHAM', 'VN-100245', 'KHAC', 120000, 0, NULL, N'Kệ B1', 1),
('SP-000246', N'Serum hyaluronic acid', 'MY_PHAM', 'VN-100246', 'KHAC', 120000, 0, NULL, N'Kệ B2', 1),
('SP-000247', N'Kem trị nám', 'MY_PHAM', 'VN-100247', 'KHAC', 77000, 0, NULL, N'Kệ A1', 1),
('SP-000248', N'Kem trị tàn nhang', 'MY_PHAM', 'VN-100248', 'KHAC', 65000, 0, NULL, N'Kệ A2', 1),
('SP-000249', N'Gel rửa mặt trị mụn', 'MY_PHAM', 'VN-100249', 'KHAC', 61666, 0, NULL, N'Kệ B1', 1),
('SP-000250', N'Kem dưỡng ban đêm', 'MY_PHAM', 'VN-100250', 'KHAC', 75000, 0, NULL, N'Kệ B2', 1),
('SP-000251', N'Dầu nóng xoa bóp', 'SAN_PHAM_KHAC', 'VN-100251', 'KHAC', 200000, 0, NULL, N'Kệ A1', 1),
('SP-000252', N'Dầu tràm cho bé', 'SAN_PHAM_KHAC', 'VN-100252', 'KHAC', 42500, 0, NULL, N'Kệ A2', 1),
('SP-000253', N'Tinh dầu bạc hà', 'SAN_PHAM_KHAC', 'VN-100253', 'KHAC', 47500, 0, NULL, N'Kệ B1', 1),
('SP-000254', N'Tinh dầu lavender', 'SAN_PHAM_KHAC', 'VN-100254', 'KHAC', 41666, 0, NULL, N'Kệ B2', 1),
('SP-000255', N'Tinh dầu tràm trà', 'SAN_PHAM_KHAC', 'VN-100255', 'KHAC', 48333, 0, NULL, N'Kệ A1', 1),
('SP-000256', N'Xịt muỗi', 'SAN_PHAM_KHAC', 'VN-100256', 'KHAC', 30000, 0, NULL, N'Kệ A2', 1),
('SP-000257', N'Kem chống muỗi', 'SAN_PHAM_KHAC', 'VN-100257', 'KHAC', 27500, 0, NULL, N'Kệ B1', 1),
('SP-000258', N'Nước rửa tay khô', 'SAN_PHAM_KHAC', 'VN-100258', 'KHAC', 23333, 0, NULL, N'Kệ B2', 1),
('SP-000259', N'Gel rửa tay diệt khuẩn', 'SAN_PHAM_KHAC', 'VN-100259', 'KHAC', 30000, 0, NULL, N'Kệ A1', 1),
('SP-000260', N'Xịt khử mùi', 'SAN_PHAM_KHAC', 'VN-100260', 'KHAC', 42500, 0, NULL, N'Kệ A2', 1),
('SP-000261', N'Bàn chải đánh răng điện', 'SAN_PHAM_KHAC', 'VN-100261', 'KHAC', 57000, 0, NULL, N'Kệ B1', 1),
('SP-000262', N'Chỉ nha khoa', 'SAN_PHAM_KHAC', 'VN-100262', 'KHAC', 16666, 0, NULL, N'Kệ B2', 1),
('SP-000263', N'Tăm nước Waterpik', 'SAN_PHAM_KHAC', 'VN-100263', 'KHAC', 68500, 0, NULL, N'Kệ A1', 1),
('SP-000264', N'Kem đánh răng Colgate', 'SAN_PHAM_KHAC', 'VN-100264', 'KHAC', 20000, 0, NULL, N'Kệ A2', 1),
('SP-000265', N'Kem đánh răng P/S', 'SAN_PHAM_KHAC', 'VN-100265', 'KHAC', 16666, 0, NULL, N'Kệ B1', 1),
('SP-000266', N'Thuốc trị tiểu đường Pioglitazone', 'THUOC', 'VN-100266', 'UONG', 41666, 0, NULL, N'Kệ B2', 1),
('SP-000267', N'Thuốc trị tiểu đường Sitagliptin', 'THUOC', 'VN-100267', 'UONG', 77000, 0, NULL, N'Kệ A1', 1),
('SP-000268', N'Thuốc trị cao mỡ máu Rosuvastatin', 'THUOC', 'VN-100268', 'UONG', 48333, 0, NULL, N'Kệ A2', 1),
('SP-000269', N'Thuốc trị cao mỡ máu Fenofibrate', 'THUOC', 'VN-100269', 'UONG', 47500, 0, NULL, N'Kệ B1', 1),
('SP-000270', N'Thuốc chống đông máu Warfarin', 'THUOC', 'VN-100270', 'UONG', 42500, 0, NULL, N'Kệ B2', 1),
('SP-000271', N'Thuốc chống đông máu Rivaroxaban', 'THUOC', 'VN-100271', 'UONG', 97000, 0, NULL, N'Kệ A1', 1),
('SP-000272', N'Thuốc trị thiếu máu EPO', 'THUOC', 'VN-100272', 'TIEM', 77000, 0, NULL, N'Kệ A2', 1),
('SP-000273', N'Thuốc trị thiếu sắt Ferrous Sulfate', 'THUOC', 'VN-100273', 'UONG', 8000, 0, NULL, N'Kệ B1', 1),
('SP-000274', N'Thuốc trị suy giáp Levothyroxine', 'THUOC', 'VN-100274', 'UONG', 32500, 0, NULL, N'Kệ B2', 1),
('SP-000275', N'Thuốc trị cường giáp Methimazole', 'THUOC', 'VN-100275', 'UONG', 42500, 0, NULL, N'Kệ A1', 1),
('SP-000276', N'Thuốc trị suy thượng thận', 'THUOC', 'VN-100276', 'UONG', 48333, 0, NULL, N'Kệ A2', 1),
('SP-000277', N'Thuốc trị rối loạn tiêu hóa chức năng', 'THUOC', 'VN-100277', 'UONG', 47500, 0, NULL, N'Kệ B1', 1),
('SP-000278', N'Thuốc trị hội chứng ruột kích thích', 'THUOC', 'VN-100278', 'UONG', 41666, 0, NULL, N'Kệ B2', 1),
('SP-000279', N'Thuốc trị viêm loét dạ dày HP', 'THUOC', 'VN-100279', 'UONG', 49000, 0, NULL, N'Kệ A1', 1),
('SP-000280', N'Thuốc trị xơ gan', 'THUOC', 'VN-100280', 'UONG', 57000, 0, NULL, N'Kệ A2', 1),
('SP-000281', N'Thuốc trị viêm gan B', 'THUOC', 'VN-100281', 'UONG', 97000, 0, NULL, N'Kệ B1', 1),
('SP-000282', N'Thuốc trị viêm gan C', 'THUOC', 'VN-100282', 'UONG', 68500, 0, NULL, N'Kệ B2', 1),
('SP-000283', N'Thuốc trị sỏi mật', 'THUOC', 'VN-100283', 'UONG', 61666, 0, NULL, N'Kệ A1', 1),
('SP-000284', N'Thuốc trị viêm tụy', 'THUOC', 'VN-100284', 'UONG', 45000, 0, NULL, N'Kệ A2', 1),
('SP-000285', N'Thuốc enzyme tiêu hóa', 'THUOC', 'VN-100285', 'UONG', 48333, 0, NULL, N'Kệ B1', 1),
('SP-000286', N'Thuốc trị đầy hơi Simethicone', 'THUOC', 'VN-100286', 'UONG', 30000, 0, NULL, N'Kệ B2', 1),
('SP-000287', N'Thuốc trị nôn Ondansetron', 'THUOC', 'VN-100287', 'UONG', 42500, 0, NULL, N'Kệ A1', 1),
('SP-000288', N'Thuốc trị say tàu xe', 'THUOC', 'VN-100288', 'UONG', 23333, 0, NULL, N'Kệ A2', 1),
('SP-000289', N'Thuốc trị dị ứng thức ăn', 'THUOC', 'VN-100289', 'UONG', 32500, 0, NULL, N'Kệ B1', 1),
('SP-000290', N'Thuốc trị dị ứng thuốc', 'THUOC', 'VN-100290', 'TIEM', 41666, 0, NULL, N'Kệ B2', 1),
('SP-000291', N'Thuốc trị mề đay', 'THUOC', 'VN-100291', 'UONG', 27500, 0, NULL, N'Kệ A1', 1),
('SP-000292', N'Thuốc trị chàm', 'THUOC', 'VN-100292', 'BOI', 48333, 0, NULL, N'Kệ A2', 1),
('SP-000293', N'Thuốc trị vảy nến', 'THUOC', 'VN-100293', 'BOI', 61666, 0, NULL, N'Kệ B1', 1),
('SP-000294', N'Thuốc trị lang ben', 'THUOC', 'VN-100294', 'BOI', 32500, 0, NULL, N'Kệ B2', 1),
('SP-000295', N'Thuốc trị hắc lào', 'THUOC', 'VN-100295', 'BOI', 27500, 0, NULL, N'Kệ A1', 1),
('SP-000296', N'Thuốc trị ghẻ', 'THUOC', 'VN-100296', 'BOI', 30000, 0, NULL, N'Kệ A2', 1),
('SP-000297', N'Thuốc trị rận chí', 'THUOC', 'VN-100297', 'BOI', 42500, 0, NULL, N'Kệ B1', 1),
('SP-000298', N'Thuốc trị mụn cóc', 'THUOC', 'VN-100298', 'BOI', 41666, 0, NULL, N'Kệ B2', 1),
('SP-000299', N'Thuốc trị chai chân', 'THUOC', 'VN-100299', 'BOI', 32500, 0, NULL, N'Kệ A1', 1),
('SP-000300', N'Thuốc trị nứt gót chân', 'THUOC', 'VN-100300', 'BOI', 37500, 0, NULL, N'Kệ A2', 1),
('SP-000301', N'Thuốc trị bỏng nhẹ', 'THUOC', 'VN-100301', 'BOI', 47500, 0, NULL, N'Kệ B1', 1),
('SP-000302', N'Thuốc trị vết thương hở', 'THUOC', 'VN-100302', 'BOI', 42500, 0, NULL, N'Kệ B2', 1),
('SP-000303', N'Thuốc trị sẹo', 'THUOC', 'VN-100303', 'BOI', 61666, 0, NULL, N'Kệ A1', 1),
('SP-000304', N'Thuốc trị rạn da', 'THUOC', 'VN-100304', 'BOI', 45000, 0, NULL, N'Kệ A2', 1),
('SP-000305', N'Thuốc trị cellulit', 'MY_PHAM', 'VN-100305', 'KHAC', 57000, 0, NULL, N'Kệ B1', 1),
('SP-000306', N'Kem massage tan mỡ', 'MY_PHAM', 'VN-100306', 'KHAC', 61666, 0, NULL, N'Kệ B2', 1),
('SP-000307', N'Gel giảm mỡ bụng', 'MY_PHAM', 'VN-100307', 'KHAC', 45000, 0, NULL, N'Kệ A1', 1),
('SP-000308', N'Kem nở ngực', 'MY_PHAM', 'VN-100308', 'KHAC', 57000, 0, NULL, N'Kệ A2', 1),
('SP-000309', N'Kem săn chắc da', 'MY_PHAM', 'VN-100309', 'KHAC', 49000, 0, NULL, N'Kệ B1', 1),
('SP-000310', N'Dầu dừa nguyên chất', 'MY_PHAM', 'VN-100310', 'KHAC', 41666, 0, NULL, N'Kệ B2', 1),
('SP-000311', N'Dầu oliu dưỡng da', 'MY_PHAM', 'VN-100311', 'KHAC', 48333, 0, NULL, N'Kệ A1', 1),
('SP-000312', N'Bơ hạt mỡ', 'MY_PHAM', 'VN-100312', 'KHAC', 61666, 0, NULL, N'Kệ A2', 1),
('SP-000313', N'Lô hội dưỡng da', 'MY_PHAM', 'VN-100313', 'KHAC', 42500, 0, NULL, N'Kệ B1', 1),
('SP-000314', N'Gel lô hội', 'MY_PHAM', 'VN-100314', 'KHAC', 47500, 0, NULL, N'Kệ B2', 1),
('SP-000315', N'Mặt nạ collagen', 'MY_PHAM', 'VN-100315', 'KHAC', 40000, 0, NULL, N'Kệ A1', 1),
('SP-000316', N'Mặt nạ thải độc', 'MY_PHAM', 'VN-100316', 'KHAC', 8000, 0, NULL, N'Kệ A2', 1),
('SP-000317', N'Mặt nạ vitamin E', 'MY_PHAM', 'VN-100317', 'KHAC', 10000, 0, NULL, N'Kệ B1', 1),
('SP-000318', N'Mặt nạ trà xanh', 'MY_PHAM', 'VN-100318', 'KHAC', 8000, 0, NULL, N'Kệ B2', 1),
('SP-000319', N'Mặt nạ mật ong', 'MY_PHAM', 'VN-100319', 'KHAC', 8000, 0, NULL, N'Kệ A1', 1),
('SP-000320', N'Mặt nạ yến mạch', 'MY_PHAM', 'VN-100320', 'KHAC', 8000, 0, NULL, N'Kệ A2', 1),
('SP-000321', N'Sữa bột Nutrilon', 'SAN_PHAM_CHO_ME_VA_BE', 'VN-100321', 'KHAC', 180000, 0, NULL, N'Kệ B1', 1),
('SP-000322', N'Sữa bột Kendamil', 'SAN_PHAM_CHO_ME_VA_BE', 'VN-100322', 'KHAC', 180000, 0, NULL, N'Kệ B2', 1),
('SP-000323', N'Sữa bột Hikid', 'SAN_PHAM_CHO_ME_VA_BE', 'VN-100323', 'KHAC', 180000, 0, NULL, N'Kệ A1', 1),
('SP-000324', N'Sữa bột XO', 'SAN_PHAM_CHO_ME_VA_BE', 'VN-100324', 'KHAC', 180000, 0, NULL, N'Kệ A2', 1),
('SP-000325', N'Sữa bột Bubs', 'SAN_PHAM_CHO_ME_VA_BE', 'VN-100325', 'KHAC', 180000, 0, NULL, N'Kệ B1', 1),
('SP-000326', N'Sữa non Colomi', 'SAN_PHAM_CHO_ME_VA_BE', 'VN-100326', 'KHAC', 320000, 0, NULL, N'Kệ B2', 1),
('SP-000327', N'Sữa chua cho bé', 'SAN_PHAM_CHO_ME_VA_BE', 'VN-100327', 'KHAC', 42500, 0, NULL, N'Kệ A1', 1),
('SP-000328', N'Cháo ăn dặm Ridielac', 'SAN_PHAM_CHO_ME_VA_BE', 'VN-100328', 'KHAC', 120000, 0, NULL, N'Kệ A2', 1),
('SP-000329', N'Bột ăn dặm Nestle', 'SAN_PHAM_CHO_ME_VA_BE', 'VN-100329', 'KHAC', 42500, 0, NULL, N'Kệ B1', 1),
('SP-000330', N'Bánh ăn dặm Gerber', 'SAN_PHAM_CHO_ME_VA_BE', 'VN-100330', 'KHAC', 47500, 0, NULL, N'Kệ B2', 1),
('SP-000331', N'Máy đo nhịp tim', 'DUNG_CU_Y_TE', 'VN-100331', 'KHAC', 97000, 0, NULL, N'Kệ A1', 1),
('SP-000332', N'Máy đo nhịp thở', 'DUNG_CU_Y_TE', 'VN-100332', 'KHAC', 58500, 0, NULL, N'Kệ A2', 1),
('SP-000333', N'Máy theo dõi sức khỏe', 'DUNG_CU_Y_TE', 'VN-100333', 'KHAC', 125000, 0, NULL, N'Kệ B1', 1),
('SP-000334', N'Đồng hồ thông minh sức khỏe', 'DUNG_CU_Y_TE', 'VN-100334', 'KHAC', 185000, 0, NULL, N'Kệ B2', 1),
('SP-000335', N'Cân sức khỏe điện tử', 'DUNG_CU_Y_TE', 'VN-100335', 'KHAC', 77000, 0, NULL, N'Kệ A1', 1),
('SP-000336', N'Cân phân tích cơ thể', 'DUNG_CU_Y_TE', 'VN-100336', 'KHAC', 68500, 0, NULL, N'Kệ A2', 1),
('SP-000337', N'Máy đo chỉ số BMI', 'DUNG_CU_Y_TE', 'VN-100337', 'KHAC', 57000, 0, NULL, N'Kệ B1', 1),
('SP-000338', N'Máy xông tinh dầu', 'DUNG_CU_Y_TE', 'VN-100338', 'KHAC', 320000, 0, NULL, N'Kệ B2', 1),
('SP-000339', N'Đèn sưởi hồng ngoại', 'DUNG_CU_Y_TE', 'VN-100339', 'KHAC', 97000, 0, NULL, N'Kệ A1', 1),
('SP-000340', N'Máy sưởi ấm', 'DUNG_CU_Y_TE', 'VN-100340', 'KHAC', 77000, 0, NULL, N'Kệ A2', 1),
('SP-000341', N'Túi chườm nóng', 'DUNG_CU_Y_TE', 'VN-100341', 'KHAC', 41666, 0, NULL, N'Kệ B1', 1),
('SP-000342', N'Túi chườm lạnh', 'DUNG_CU_Y_TE', 'VN-100342', 'KHAC', 42500, 0, NULL, N'Kệ B2', 1),
('SP-000343', N'Miếng dán hạ sốt', 'DUNG_CU_Y_TE', 'VN-100343', 'KHAC', 30000, 0, NULL, N'Kệ A1', 1),
('SP-000344', N'Miếng dán giữ nhiệt', 'DUNG_CU_Y_TE', 'VN-100344', 'KHAC', 23333, 0, NULL, N'Kệ A2', 1),
('SP-000345', N'Băng quấn thể thao', 'DUNG_CU_Y_TE', 'VN-100345', 'KHAC', 32500, 0, NULL, N'Kệ B1', 1),
('SP-000346', N'Tất y khoa', 'DUNG_CU_Y_TE', 'VN-100346', 'KHAC', 57000, 0, NULL, N'Kệ B2', 1),
('SP-000347', N'Vớ giãn tĩnh mạch', 'DUNG_CU_Y_TE', 'VN-100347', 'KHAC', 77000, 0, NULL, N'Kệ A1', 1),
('SP-000348', N'Đai hỗ trợ mắt cá chân', 'DUNG_CU_Y_TE', 'VN-100348', 'KHAC', 48333, 0, NULL, N'Kệ A2', 1),
('SP-000349', N'Đai hỗ trợ cổ tay', 'DUNG_CU_Y_TE', 'VN-100349', 'KHAC', 41666, 0, NULL, N'Kệ B1', 1),
('SP-000350', N'Đai hỗ trợ khuỷu tay', 'DUNG_CU_Y_TE', 'VN-100350', 'KHAC', 45000, 0, NULL, N'Kệ B2', 1);
GO